nom,source,score,followers,fans,spotify_id,deezer_id
Limsa d'Aulnay,Spotify,,,,7l6m2BySHwnjJuw22SXwh5,
Julia Minkin,Spotify,,,,63fbQTZ9yW3SUsBRYcn1Wm,
TR3NACRIA,Spotify,,,,1gFiEIH4TiLrNeoq7rktTH,
kulturr,Spotify,,,,2yTwZyGRSRDUjZNsLvIOW4,
Natoxie,Spotify,,,,1Wqloe5S1i29Ff7YiWg0x5,
Méne,Spotify,,,,5r3DSRaJz8ckIw4XPH9Whd,
marguerite,Spotify,,,,4jF2P66DtNEficnixuIhKQ,
Rousnam,Spotify,,,,2swYfXhkzkb8s8djG6UjSm,
FRENCHGRL,Spotify,,,,06eMSN9Y5cS7EZX6nnkxpC,
ZZ,Spotify,,,,51loVlVgRomkJwd04A6B1e,
Ashvma,Spotify,,,,46fYppQRc2dAeDAMnrVb6R,
Mikado,Spotify,,,,41Csk4RHbXp1jnMN4NWwOE,
Yoa,Spotify,,,,7d1ctWXfrUvAe804Zld3Gy,
Rambo goyard,Spotify,,,,0RRp1XbMoTmW8zSWC1synA,
1T1,Spotify,,,,29DEO5ubNTmLbFSEZDP2we,
Lushe,Spotify,,,,5zCMyo4rRc63lqoXLKIcgv,
Bendo,Spotify,,,,2VDWsiOnCzMSnxfinUYJkH,
HMZ,Spotify,,,,6pg4S5KTCPiEBp0rSWsaI6,
Léman,Spotify,,,,2EnOL1ADehfBQB03ELa3QQ,
TRZ,Spotify,,,,7cLUwy0R7N8q1YSjHYZdrU,
2 Mètres,Spotify,,,,3WUHUmukg1hiSrVCfCoSbF,
Danyl,Spotify,,,,5Hq9W3lm1N9KRCf35RBMab,
DL91 Era,Spotify,,,,3mWqCmX0xuzBJN648XSBrE,
Thisizlondon,Spotify,,,,30SVAanrbFS6o0cIVDZ9ta,
Styleto,Spotify,,,,4vbZKiwmvbbW6onily9SJ5,
Missan,Spotify,,,,5bpoMhoeJ19sJSuELfgWMk,
XVI,Spotify,,,,0utiBmutysHdb0zXFCLMT2,
Lerizzle,Spotify,,,,1h9kOJqZoCwgSbokQw6GsU,
Ino Casablanca,Spotify,,,,5blvB6N3OACeH0gJL9BRqf,
S2,Spotify,,,,60HWrpmSefhtMWCkghazzG,
Mack H.D,Spotify,,,,0IUp0l21VlpoOz8525KfAJ,
Jungle Jack,Spotify,,,,36HOtWiV4nn0luNGSn2xAT,
MPL,Spotify,,,,7pcG7za39JaUHalwqiuCt9,
WIXO & LA2S,Spotify,,,,0VWHKHfSFwUhP0cuvVUfRN,
63OG,Spotify,,,,1wRx48q25O8HPDTyNOUQ2k,
Killa Predator,Spotify,,,,2jxihp917o7WCCEN3xZXww,
Bobbyezz,Spotify,,,,5hV6TRKQwmvIWKTlsob1z8,
KGS,Spotify,,,,5Iib8YFyekylXZIqcVT1Qk,
Huntrill,Spotify,,,,1Nm9adUt6D5iuhRgirlgF2,
Prod. 94,Spotify,,,,76aDH2U2OFw00wOWvhK6pk,
Vanou,Spotify,,,,5bRjVnu5q4ySUkVYifxtGE,
DVM,Spotify,,,,6Tzkt668w24f7uHLTiq6tr,
Lisa Pariente,Spotify,,,,2D15WFlWJuCeEGC1LGss6X,
Lagui,Spotify,,,,3TP2Ucsow6rW1s24aq9gb4,
Lille Saus,Spotify,,,,15saPvefLxxtw3nvTOCUg0,
Seth Sad,Spotify,,,,4yDo1iZ02sOpLsh1oGAAg9,
Solda,Spotify,,,,7FXX45sHqoQoCwqtG0ZV8H,
La Plaie,Spotify,,,,2ktXCualVDXC8h7jNOuyoQ,
Sheu,Spotify,,,,2NtvkyG03ApOKPBj3TcQRt,
Eloïz,Spotify,,,,1J7b2Snol73xTmYILnCk1t,
Poupie,Spotify,,,,71x0OO2toFjXrMRcufL9tv,
Marlo,Spotify,,,,1ESz23V2EMNGK2WhuAsTN9,
Jose Garcia,Spotify,,,,0jezfHhTNUwE6PwIC0IdXD,
Boumidjal X,Spotify,,,,3i2AdhSP4YeSYY1m5JoUnK,
Sokuu,Spotify,,,,0et1mZYLCSVBIBUY94B8Xn,
Vayn,Spotify,,,,41CySalxZ2GST1n69SqsZ1,
Ryflo,Spotify,,,,4acowSAiQXmdhs4DCgUQ0U,
Waxx,Spotify,,,,1sJDvsoQ9X10dibPnSSlsV,
Lenaïg,Spotify,,,,7LBRgobZF7IvkSKljcuGDb,
Fhin,Spotify,,,,5bvwbAyrx6Yk8oLHqOnJ9p,
Tazeboy,Spotify,,,,1AmK5toq2JV8BT9tCkDFAa,
Kamelon Officiel,Spotify,,,,0k3C7u1fCchhNMHbcBy9xN,
ESTL,Spotify,,,,06iezeOUHGb86SaoYTyexg,
Jamso,Spotify,,,,42ATKPvmj81n9JDOunFpqr,
Zaka Lavista,Spotify,,,,3ZrvguSuVvHrFwbu9lFVe6,
THÉA,Spotify,,,,6GGkEuZHoNpJsKYNZml2gL,
Lybro,Spotify,,,,3uiTnIx5N6ZWAPkPb8GFC9,
Gaëlle,Spotify,,,,1uN3byO6WUB2dSDg6XpsEw,
Metah,Spotify,,,,0Dr1nbwa1KW5wHYUCsrnAF,
2zg,Spotify,,,,362uHPHfDmbmnXTy3w8ro4,
PZK,Spotify,,,,4ii7OZHtY3E4ndPm1MFMSR,
Konieur,Spotify,,,,3OFleM2K9wTLzf0wry6He3,
Clara Ysé,Spotify,,,,5resnspF60fUdkKmQHn8em,
Zélie,Spotify,,,,0TGeOStDbxqVi8UJdBQsEx,
Vernis Rouge,Spotify,,,,6Miu2EYSCD74K7VzDYostC,
Elle Valenci,Spotify,,,,3glvSAS5Z6057HM9ov0HOt,
RDN,Spotify,,,,4rKMthZmMbSiMdow1f1rBE,
RDR,Spotify,,,,2K8TwF85tEXePefdOxPZTW,
TVLM,Spotify,,,,6LNDkL0VeHXi0fMuefWS1w,
Bianca Costa,Spotify,,,,1DcL22xdIWcdNa4ZHaXZjT,
Amaury,Spotify,,,,0C0OTAymY2bmqgYZ0WZCJI,
Shayne,Spotify,,,,1DX6FDD9VMN2eJCmeFVbHi,
Noé Preszow,Spotify,,,,6CZhbpXpR3VJNQWFkwd2Ic,
Almas,Spotify,,,,0M81CoQJFvfJH9BNnJvbQl,
Tatiana Eva-Marie,Spotify,,,,3Nmm3IacxsC92dEP0kWL3z,
Wamen,Spotify,,,,3IrNp8pf0ugwmIEiGJCRse,
La Maîtrise de Saint Marc - LES CHORISTES,Spotify,,,,026nk210FPO26xMwpoew70,
MANARËM,Spotify,,,,5BQdp2NlYGiwVgnCJB3gyX,
Neaj,Spotify,,,,0eFmnuvX7ZDCsnOesNifzb,
Maks,Spotify,,,,27y3Ud8v0SrHGx0uOYN34z,
Le D,Spotify,,,,1q3qfgcLt7dhYNdWLEXgkX,
Arèndi,Spotify,,,,7H3zHwjR1Wdxk6JVWV2a6c,
Tigre d'Eau Douce,Spotify,,,,2J0cbdwUlJkBYkQYIDDU5k,
DAYSY,Spotify,,,,6vorHF3qW6vODkQP51kGlk,
Lijay,Spotify,,,,0fEd76ZuO65826Q6ilZIuO,
ZABUZA,Spotify,,,,1BC1J2L4JXtQG3JgtDVCrk,
Dika,Spotify,,,,1rBnd8KxDndiiiIyjOsFtw,
St Graal,Spotify,,,,7Kgv8CorcAKsG4of90vA5I,
Danthology,Spotify,,,,6Rii9NJk3gtAOB1qnbTYPM,
Marie-Flore,Spotify,,,,3bM1MZ42q6lUJqHDaDwcKr,
KELSON,Spotify,,,,3PlSpnPQR0dZY50k3jfx7h,
Eu93ne,Spotify,,,,19lhY4E6GLxH337OZLfOV4,
Danilo,Spotify,,,,0nztDFQzc7SwCIGZnvDIJ7,
Kaf Malbar,Spotify,,,,1id4EoPVo5qfzdP5gMf5U3,
Jayel,Spotify,,,,5kKxz4PDHgrpIt8LX3PPiF,
Afrobeats Central,Spotify,,,,5CnUroTELSGtd9HXmXOgaB,
T-Jy,Spotify,,,,28YuYWLmKm0vl1gb5cUIta,
O - Olivier Marguerit,Spotify,,,,2JldlUF9gAWKZc1qNvjQpo,
Emrod,Spotify,,,,7Gd2a8LhB6hvrgFjuZMw9U,
Molière l'opéra urbain,Spotify,,,,7eFL3K5giCsAHXus03F7Cd,
Coline Rio,Spotify,,,,0avwZ2v9jOgVLB1IfimwdA,
Hulk,Spotify,,,,2D2Wm1oAJrDRzXVzxkyBOE,
LJK,Spotify,,,,6KPfd2qfwePi6IM7RyQ3hd,
lille Caesar,Spotify,,,,79ydqO3TZ35NwkWtjyvugR,
Mathu,Spotify,,,,6wknBTDOHIw2ZJNsCl2sx2,
Esmée,Spotify,,,,4ltaLmNRwdD98CtEsot497,
Diez,Spotify,,,,082ELiDlIVdC1ovHXpWZHK,
Sp93,Spotify,,,,70BVuSoIusPEV52Fyi3RlK,
Le Lounge Bar Français,Spotify,,,,7EEdwUdhGRjusZNKBZ4kMU,
Zaoui,Spotify,,,,5nrmuhl0AXvSLeoZgB3Tmr,
Tample,Spotify,,,,0PL4oBFPdmDGLXFPaBpYcJ,
NIVK,Spotify,,,,7lOybRN1Qz34nPphHTHRHY,
Braeker,Spotify,,,,7fGRdpiX855x7RBK8DjT1F,
Fanny,Spotify,,,,7qYMSnsPIXmSMXfGVuCDwm,
Fouzia,Spotify,,,,2k0TTdszNNaFtbS7XdReiF,
91,Spotify,,,,227ZhUtAhpZiTj8S80p1y5,
RORI,Spotify,,,,1VGFnvgAwxMlV8D729gs5I,
Félix Radu,Spotify,,,,0a0Pl9QiikzqYozn7qyooX,
YLR,Spotify,,,,0djUVWD4NWGZt9PLAlvYXj,
Traf,Spotify,,,,3M1kdGJP7DlEBGPb1JtKJX,
Sköne,Spotify,,,,6uMAPLKPcylTmdl0F1T2HF,
Janie,Spotify,,,,2WSFLb1izcqFnU9KakhCnU,
Misié Sadik,Spotify,,,,2BfjmShvoGPl4migLIun7a,
Atili,Spotify,,,,2F7pKYW346RPkqdSH8NiGP,
THK,Spotify,,,,1WQU2IzBLUDasXeZBtSVA3,
F200,Spotify,,,,5nnFJb2sF9qok7rGy1hg4d,
Nour,Spotify,,,,2Z55seSc1gT7BWnV0ElFNL,
FLKN,Spotify,,,,3OyQ9AeMFgwKFHUgBOISww,
Lille,Spotify,,,,1LmqhFAYA6BVhVx3kFrsZd,
TheFrenchKris,Spotify,,,,3mMx6lCCOvQZheRBZ3CTQs,
Ebony,Spotify,,,,0NCfVJ4NDxaKUW8yV4lUlQ,
Xavier Polycarpe,Spotify,,,,7lG3HWF81HrNSDVyK4zhuP,
Jahlys,Spotify,,,,4AcFhqecUgQOUNmdcdngEq,
LRB490,Spotify,,,,2UrTsnAc4CSukV44RC6PT6,
ANAÏS MVA,Spotify,,,,2MBvn4Y3ugNmUlWp1W65QL,
Boris & Moris,Spotify,,,,4o3kvOwkHLKBgwcifYQUdF,
Charles Ludig,Spotify,,,,0hO9TrLGquZn6cxbNqgpGl,
94fatso,Spotify,,,,4r9ruEx6tLz2x0WgtXVaoP,
T913,Spotify,,,,47RRhnkvrKrC6tm7fNYQTN,
Allan,Spotify,,,,7tJ1ZtOt4EOPyQnT8LE6rH,
Lili Poe,Spotify,,,,3xY67nlzCczbpUWrjCTdye,
L'Ordre Des Aventuriers,Spotify,,,,1nn9NQhtKG0AfAjV5ZX8l4,
Micky Green,Spotify,,,,2xRBcpNYedlk5IhmIxfUqo,
Blasé,Spotify,,,,4PqSBgXKxQuqclKpwB6iuc,
Karma 94,Spotify,,,,1s1KgcCLx44NR59HUXy3ic,
Kryssy,Spotify,,,,0aFrpBv0tkmDm9qFlXK2Gc,
Ève,Spotify,,,,09X1kbjR9O2Cb3gdPvpgKG,
Art-X,Spotify,,,,5H4bQKIbNqf60vLbV9C0zq,
949PAYA$o,Spotify,,,,1IKjfLTjdQB5p8lqsTgJI1,
Jäde,Spotify,,,,52CEzAtIDEJInO8yL0blFB,
Malter,Spotify,,,,3FDn3vsowXE4E7NNQn4fqq,
Shake Shake Go,Spotify,,,,1FmnkGJ5KDt1eCHJQVyAbk,
SOROSORO,Spotify,,,,1S0pZbFHkQSJvvpzfIHXSS,
Jazz douce musique d'ambiance,Spotify,,,,50odTEgNT8oNs9BrWD0kS4,
Pompis,Spotify,,,,5MvTyp1ILPh1FZupAcFffI,
Pep's,Spotify,,,,6dvyAgidTbcn9vJO1eWQ6y,
Paris,Spotify,,,,6UPRFx3Gnn5N67opROnwA5,
Lawskie,Spotify,,,,7gdTFjXWEBzBtir4DGFzku,
Jumo,Spotify,,,,3JpL06DxPRePrKeYaRhKwH,
SLK,Spotify,,,,6CBm5KPNnurK4hFutVDIpz,
Mani Deïz,Spotify,,,,0IKPfKkoKDbdQTKX0LCFZB,
Rakoon,Spotify,,,,6a6yqBUTk6XxSsrstQIBQ6,
Voleur pnz,Spotify,,,,6BGAhqSN3qEqlZRpMogAFN,
Bruzer,Spotify,,,,1U2Bzt0bhkqHJj7L1WQdnB,
Cyclope l'Héritier,Spotify,,,,0MKlq9NpviCizhTWbrC8KI,
Zitoune,Spotify,,,,5TRkqLaI9iMFdFiqN1wAXa,
Tookie2Beriz,Spotify,,,,142mBEMjSrFPCuDU0eS20r,
Blicassty,Spotify,,,,1MbUL0JryiwgLoPNX8esk6,
Clou,Spotify,,,,7DPzuksj4fnGIb4F9dVswN,
sheng,Spotify,,,,0mAIVu2rtpW9TYcbp88wqn,
Lille Fucker,Spotify,,,,6Sr0XZt2vowfPAzp9Mv1ck,
AZKA,Spotify,,,,20cVY12kekiJOzONmGOfyx,
Lé Will & Deuspi,Spotify,,,,1DaLT7Mgy04h833FKXKGO0,
Vincent Peirani,Spotify,,,,2aMYfhweGlfp6qj9r6OGUO,
Demon,Spotify,,,,4LiDDSfUo671okhAa6OSHY,
IN.94,Spotify,,,,0uFKA5yAa06BUDouOb1X8C,
Harley,Spotify,,,,1w8f71fNCVvZtiz4DLd7N5,
Latop,Spotify,,,,2Le5krQdKYGiP5xUQnIHKN,
wilsko,Spotify,,,,1d38UPGn8PJ9XekumcIBha,
Rain 910,Spotify,,,,76CqcY9GUeWmu1sGbDDBwi,
949_creeper,Spotify,,,,1dsLZMddSbqEnWNrXAZMr7,
Mec touché,Spotify,,,,0cfNKSR5Mcvh6jn8iPxcIT,
John Alenca,Spotify,,,,57H433bibChwiap8GjXH34,
DjeuhDjoah,Spotify,,,,6oay09Jpzlp3TKFbx7GBMY,
L’Amerigo,Spotify,,,,0NLGp1poDBr1K4VVp3LVSL,
Rouquine,Spotify,,,,7pJxy5TSBacc0UMMppaExZ,
P.R2B,Spotify,,,,6R6tuqCxJRopO4bE8nfLGk,
Revnoir,Spotify,,,,6Jnxg5O26hXfwfbRSMzVuB,
Doosko Niafo,Spotify,,,,3j5vom9KtuBUImiFXCOTP0,
Green Money,Spotify,,,,5K45xjHulVclJDxJSakgmc,
Jahyanai King,Spotify,,,,4ASk9it8lXjK4KrkoFXPlN,
Izzy93,Spotify,,,,2AfyzCxD2WTuEbV0XoZajq,
Paris Richards,Spotify,,,,2QKgfzDlgGJCv1hkfOovKH,
tn_490,Spotify,,,,1ULJBOKjmOpRsRRHP1vc2X,
Ana Moreau,Spotify,,,,4vy2w9TDFpA1kcFCZRT5Ls,
Contrefaçon,Spotify,,,,5RmuisBjJdDZ2OaLmWVMYu,
Payaso915,Spotify,,,,4p5a11aaWH3aZrDuGrCWq6,
Santos 912,Spotify,,,,4NbbicWEOV9MfkaTuZBUnh,
Saandia,Spotify,,,,5m9uhS0LyWhc5kFDWkeOjA,
Sto,Spotify,,,,475O928CVcLukJqBd4LPJ3,
Emile Parisien,Spotify,,,,0KYFSSpklRwCSM31sHD4s6,
Dk2fois,Spotify,,,,3532P4f6wikwfG2uvxXRnQ,
ELISA ERKA,Spotify,,,,1EkqwqtzsjxMYJZH73RFVM,
Blam'S,Spotify,,,,5JZqq78QDWcMNYjIRV81oF,
ELOI,Spotify,,,,5J65ukR6WWDkuRrqYa4Knl,
Revolver,Spotify,,,,2ERWfqqrtdXicQJ9wcOONf,
Dounia Jari,Spotify,,,,2wGEnSqp6ZXg2LWGZF7mnQ,
Cachemire,Spotify,,,,4AJBNggqryKH5Dy0xdaGDY,
Jazir,Spotify,,,,1AyxHP7cwxDjR5HxtxRo1C,
Owen River,Spotify,,,,6PY5uOumDeaGto9AfoxCjh,
West Bank Records,Spotify,,,,2VpYQkkjCohjSPskaQGyp0,
Rover,Spotify,,,,0kPQnkxRCKloZQfgXfrqQO,
Foé,Spotify,,,,5KRLYv4JDKx5jvR2EOdw7a,
ASTERO-H,Spotify,,,,4R15nQ1tIZGKIq7Z8BddVI,
JLOW,Spotify,,,,66rknd4NFEU7U2AK5cesjy,
Ici c'est Paris,Spotify,,,,0XVAP17xehWKLmcb0DhtbZ,
935,Spotify,,,,1e9RDMOTSMtDV4ZkZTrZw4,
Magoyond,Spotify,,,,69NyHXNjgqvV4euhqZ36kH,
Rocket,Spotify,,,,6HB56S5tXln4QbDVbnd3h6,
Casus Belli,Spotify,,,,1nmnKCdPXX14EBJWklwKTR,
Shoota93,Spotify,,,,1qvfwkeecGjBi5yJ1GBTNr,
New Jazz France,Spotify,,,,10zN9gAaRm3XKwtYzVZNql,
Merzhin,Spotify,,,,4ni1VfqTNIvsJKTDuiN64f,
Rallye,Spotify,,,,36buOdDVz6p3QbVatFi4iX,
Sáez'93,Spotify,,,,2MOr3iEGgA7dQhYUsPBoTI,
Lulu Gainsbourg,Spotify,,,,5W38lYXVLIEfyTFBQKTfmX,
King Luca,Spotify,,,,1DEN3iWZL55rYkQCXVwkLz,
FRANKIE PARIS,Spotify,,,,1MHoEOE8YNUmWKnqoEQS2Z,
Zonmai,Spotify,,,,690TcJftS8JgJI5iEsYEcU,
Les Petits Chanteurs D'Asnières,Spotify,,,,2LvcgUerrHBC9tQd48v6kL,
Simia,Spotify,,,,57dGH4c5aKHr46UJqCDEev,
Crie 930,Spotify,,,,3dOo2vzOxx1HaSteQGb56s,
D4r,Spotify,,,,67RmjpcaDCjcdKMiBuamuV,
Emlo,Spotify,,,,5O4IDbze1xrfs2zY8wLJ1H,
King Daddy Yod,Spotify,,,,2fpKYZoJagtpX0aQ5xXiqq,
DONI NA MA,Spotify,,,,64jyZ8B8vuzf12J7NYAglD,
Lunar949,Spotify,,,,5FM4iItgDdg47zRKbWnjzd,
MC Salo,Spotify,,,,1quV4CgipPwybFtikATOBc,
Gabriel Paris,Spotify,,,,5mC0vGi5lOCqYs53SOojs4,
DAM,Spotify,,,,1ATrNccUrhiYSQ3B08VQrz,
Jil Is Lucky,Spotify,,,,4O82966S46TGCDsAzRFlku,
jaynbeats,Spotify,,,,3g5QiiBmEWt5a3WaW1zArB,
Eloquence,Spotify,,,,685Gc0hObCotgZ7K8bE05K,
Dolo Tonight,Spotify,,,,3ED1AG2E67Epo3MBFVOFj9,
Samat,Spotify,,,,68uK8Nx6KBp8QZQi3YMU6L,
Snoobie92,Spotify,,,,1nqN4To65NIMSGsU0n8axa,
Les Amis D'ta Femme,Spotify,,,,27zZxSk7AynBSC0XYiivLp,
France Mpundu,Spotify,,,,3H7eNFfmHDrZoHoTfDJyGE,
Poppy Fusée,Spotify,,,,5IFUbcd4w9UlVpsMNfY4FT,
Le Réparateur,Spotify,,,,1y1PK1PL2dgNh0TwQTpZMU,
Humphrey,Spotify,,,,2RTeAMXtT5IZA4HndoFSNq,
NeoFX,Spotify,,,,0lkiOp3vyxpN37Y6OCf9yO,
Cheb Aymen Parisien,Spotify,,,,0F2vt3PHYGZ8pSFBHZ0laC,
Paris Paige,Spotify,,,,4MwF8qs0Uukh7VQdbVEcpP,
Jasmïn,Spotify,,,,1dFiLNmRKzp1sA088KuwCw,
Warning,Spotify,,,,215tdyVWdDYOjufDKf6UJg,
Adamé,Spotify,,,,0sERWA25W58jwsWqspklGe,
Malo',Spotify,,,,0wHHtuNdjnmH9spIm2VrhR,
Thomas de Pourquery,Spotify,,,,1tMIosPVEqpXGdD8JW1tIe,
Terco92,Spotify,,,,2KUtIRV7tG4q4uyzHSkOqT,
Kasper 939,Spotify,,,,6wUGiWb7FR3Cv39sELlp1U,
$hiro,Spotify,,,,5ccC62eZo8vv2qTOTndIkn,
LILLEN,Spotify,,,,04Me6qNw3Z1CIqUWrkmF5B,
Haley James Scott,Spotify,,,,7y4JSWyptLDbIWn5LOhydr,
Coco061,Spotify,,,,4jQd4K8fy9EuJJZErkbHts,
PMD,Spotify,,,,3xgVb12lTabQh3FnxXgjQk,
Astral Bakers,Spotify,,,,6VUpGE6ErMWwqZGepBWc0D,
Lille Pablo,Spotify,,,,6Y4IHXCDwWvuNBmdqTIUTz,
AfroBeats,Spotify,,,,1TtIkputhybiL64ttVwE1H,
AqME,Spotify,,,,37P7yznrsIGSfuGOzmmt26,
Afro S,Spotify,,,,0rBAjYzMBBP3u4LZLc1qwF,
Gabi,Spotify,,,,4gkLBjl1hnfw2pmSZ1JNZl,
SPORE,Spotify,,,,66xA2uEVOChiDTKdZd6hgV,
Oordaya,Spotify,,,,7JWxRPYnCGaZPh1L44NWtY,
Nawel Ben Kraiem,Spotify,,,,2FnT84XG3yKLIHEjheon9W,
Vibe,Spotify,,,,0ZrPyHGPWRiOphFxml3rFO,
Demusmaker,Spotify,,,,04YHyUbd7Ic47Zi2LtPzuv,
David Castello-Lopes,Spotify,,,,5wQ1ffwDHKe06PEKCIgLNG,
Cabadzi,Spotify,,,,6SOfR3vMDf9otrCMyzrdDn,
Grizzly 942,Spotify,,,,4KLjcYXXF6lORi2XOXAmz2,
Paris Price,Spotify,,,,6rt9RysQUXJjzYXaIXdXu7,
KLN 93,Spotify,,,,7wMBwaUmhrkuaq7vGWY8bt,
94brizzy,Spotify,,,,4NOg3L0IrFUnGe6dhO1D2i,
Lillebittebock,Spotify,,,,1Bkcm42So5nKYkY5DEHbO2,
Walk in Paris,Spotify,,,,7iogfxoFBRb7fwoxDIFJoG,
La Phaze,Spotify,,,,1J65MRryoT7CWCesOe3nBb,
Johnny Montreuil,Spotify,,,,6SlO9eMZZGEKIoYb6vlBkC,
Trigones Plus,Spotify,,,,7Ix71RYt7HB9EHCJGjlk8J,
Laskiiz,Spotify,,,,43iw2eN2eQhF9GaouZCn1Q,
Gus,Spotify,,,,6kL9VJ0wAshNzlVZmSJZJN,
Esteban,Spotify,,,,3nul4CdUXaaA3QSHrduvtu,
Bagdad Rodeo,Spotify,,,,0neByJeiLyO8TRikP9vXPV,
93PUNX,Spotify,,,,0qfeDvoajHGoVkmIW7fgra,
Paris Saint Germain FanChants,Spotify,,,,71EGGFm5wS2EwANKiWpKRE,
Bombes 2 Bal,Spotify,,,,41L28S3l8z3EZMledHcxHV,
Souli,Spotify,,,,6j2mAzLfu9ZMjd4rwCRjjn,
The S,Spotify,,,,2ublgvX7DlTU8ShDDslYVC,
rz92i,Spotify,,,,77pl5wtTOGwF5FPUYUDEDz,
Lyan Paris,Spotify,,,,3KmJs3ery3PJQuQQ5FOllC,
Carmen Maria Vega,Spotify,,,,4BeUJGT638jeAuAvtm51oE,
Annie Lalalove,Spotify,,,,0rXEHQAzDXBvblE2EZRBjL,
Mikeysem,Spotify,,,,5Yz9TYi94Uup3otqHYUF5T,
Schlaasss,Spotify,,,,7znBntfGatVV9Elt7uP8Bu,
Jessica Marquez,Spotify,,,,3LTvQLZWuf9n2fOOq5dpG0,
Felipe,Spotify,,,,1jEvmmt62aPniaH6j7py8S,
Une touche d'optimisme,Spotify,,,,4sG5GeG7qK060XBll1R5ap,
Aymen Parisien,Spotify,,,,0xOdtdbQkHKot7ODRxumLR,
OPINEL 21,Spotify,,,,5x6fEO7JyQd948Wvonm9xt,
Power Struggle,Spotify,,,,0LU6Sg6kRXbyjhzrw4xzxe,
Pass Pass,Spotify,,,,7mTxA28IfHWWIuo2QKczgA,
Secri IXV,Spotify,,,,0ddCzcAD0Echtycm6WsVcE,
Davo 92,Spotify,,,,1aC2EaDuaqmdG8HGLbjMf2,
Moderne,Spotify,,,,403x0fTWTfDHsV9PYkGFTe,
92FLOWERS,Spotify,,,,7Bwfit5Kgbtxwu5dnf2cVF,
Sisik,Deezer,,,,,8125697
Styleto,Deezer,,,,,170886747
Rose,Deezer,,,,,12131
AM La Scampia,Deezer,,,,,14633713
Maxence,Deezer,,,,,12086854
Darius,Deezer,,,,,12049
Maze,Deezer,,,,,2398
Hervé,Deezer,,,,,13698817
Chicaille Argenté,Deezer,,,,,72417252
Foufa Torino,Deezer,,,,,72597562
Youka,Deezer,,,,,71363652
Sam's,Deezer,,,,,309680
Kafon,Deezer,,,,,8557848
Waxx,Deezer,,,,,12564376
Parabellum,Deezer,,,,,7639
S-Pion,Deezer,,,,,12796111
Marie-Flore,Deezer,,,,,343829
Frànçois & The Atlas Mountains,Deezer,,,,,989667
Flora Fishbach,Deezer,,,,,8852364
GAULOIS,Deezer,,,,,5376408
Didou Parisien,Deezer,,,,,9026872
No Limit,Deezer,,,,,136645872
Adrian von Ziegler,Deezer,,,,,5098098
Stéphane,Deezer,,,,,128266712
La Phaze,Deezer,,,,,1607
Kennedy,Deezer,,,,,67727
Philip,Deezer,,,,,96659
Disco Lines,Deezer,,,,,65148802
Le Bal des Enragés,Deezer,,,,,504646
Shlømo,Deezer,,,,,1669858
Ева Польна,Deezer,,,,,4153477
Terrenoire,Deezer,,,,,14310515
Robi,Deezer,,,,,1446067
Moka Boka,Deezer,,,,,11701147
BLOWSOM,Deezer,,,,,10267432
Richard Grey,Deezer,,,,,81160
Diego Pallavas,Deezer,,,,,256226
Anwar,Deezer,,,,,11066168
Saint DX,Deezer,,,,,13641021
Mathieu Des Longchamps,Deezer,,,,,14131735
Sans Lactose,Deezer,,,,,62082502
22 Longs Riffs,Deezer,,,,,13311795
Walls,Deezer,,,,,56464392
Adamé,Deezer,,,,,99225682
Zubi,Deezer,,,,,6901971
Kedym,Deezer,,,,,11831069
Alexia Gredy,Deezer,,,,,4456602
Balbino Medellin,Deezer,,,,,74698
Annie Lalalove,Deezer,,,,,136951462
Bolivard,Deezer,,,,,1711511
Grandmaster Flash & The Furious Five,Deezer,,,,,8582
Cid,Deezer,,,,,3267911
Walter Astral,Deezer,,,,,151908072
V13,Deezer,,,,,340296
Wolkenfrei,Deezer,,,,,4995016
REYKO,Deezer,,,,,6066874
Hifi,Deezer,,,,,13486
JR O Crom,Deezer,,,,,4683064
Searows,Deezer,,,,,158683422
Meimuna,Deezer,,,,,14329801
Bouga,Deezer,,,,,71238
Lancelot,Deezer,,,,,175066527
Labess,Deezer,,,,,4018754
Spooks,Deezer,,,,,551
Gorillaz featuring De La Soul,Deezer,,,,,5285689
Albany,Deezer,,,,,391466
Sault,Deezer,,,,,5438687
Tout Simplement Noir,Deezer,,,,,72209
Dina Ayada,Deezer,,,,,9483070
MaMaMa,Deezer,,,,,5927653
Luar,Deezer,,,,,557542
Ralphie Choo,Deezer,,,,,79131832
Squadra,Deezer,,,,,1400835
Harley,Deezer,,,,,122001252
Lilian Barbe,Deezer,,,,,154864891
ILIONA,Deezer,,,,,91132672
Sako (Chiens de Paille),Deezer,,,,,5280541
Cheik Abderrahmane Soudaiss,Deezer,,,,,341448
Noé Preszow,Deezer,,,,,13636759
Alex Mills,Deezer,,,,,260417
2zer,Deezer,,,,,4856051
HEDIA,Deezer,,,,,6607334
Dimitri Rougeul,Deezer,,,,,4822547
KCIDY,Deezer,,,,,7294142
Index,Deezer,,,,,285927
Polocorp,Deezer,,,,,1702852
MBS,Deezer,,,,,149011
DO not DO,Deezer,,,,,160336492
Huko,Deezer,,,,,10098026
Nerlov,Deezer,,,,,11539775
Réciprok,Deezer,,,,,129700
Sixième Sens,Deezer,,,,,89649
Nina Battisti,Deezer,,,,,66705142
Palm Trees,Deezer,,,,,8673994
Miel De Montagne,Deezer,,,,,13994675
Kazy Lambist,Deezer,,,,,5973802
Romare,Deezer,,,,,2938511
Le 3ème Œil,Deezer,,,,,2251
Ouss & Riane,Deezer,,,,,408682
Tchiggy,Deezer,,,,,13719509
Léa Paci,Deezer,,,,,11273910
Tony Ann,Deezer,,,,,13942111
Srno,Deezer,,,,,9958710
Snooky Pryor,Deezer,,,,,273905
Nakk Mendosa,Deezer,,,,,205298
Jalal El Hamdaoui,Deezer,,,,,124952
Mattyeux,Deezer,,,,,163940587
Leck,Deezer,,,,,95560
Le réparateur,Deezer,,,,,342163
Generationals,Deezer,,,,,299044
Emma Bale,Deezer,,,,,7210378
Dry Cleaning,Deezer,,,,,67907232
Gaelle,Deezer,,,,,5564
chien noir,Deezer,,,,,13217707
FRENSHIP,Deezer,,,,,5145267
The Doug,Deezer,,,,,6579627
Mariah the Scientist,Deezer,,,,,70986422
Hollydays,Deezer,,,,,4328434
P.R2B,Deezer,,,,,13909493
Typh Barrow,Deezer,,,,,5641260
Justin(e),Deezer,,,,,1670514
Zesau,Deezer,,,,,69076
Koma,Deezer,,,,,2215
Dombrance,Deezer,,,,,10017
Zélie,Deezer,,,,,5435777
Jimmy Whoo,Deezer,,,,,445220
Camel Power Club,Deezer,,,,,6760749
Pi Ja Ma,Deezer,,,,,10339096
Cheba Maria,Deezer,,,,,56048
Parmalee,Deezer,,,,,395967
Cate Le Bon,Deezer,,,,,288658
Ravyn Lenae,Deezer,,,,,8973774
LE NOISEUR,Deezer,,,,,5841997
Cween,Deezer,,,,,4346644
Zaoui,Deezer,,,,,164049927
Amel Zen,Deezer,,,,,5433412
Poom,Deezer,,,,,1196685
Nakk,Deezer,,,,,89094
Escobar Macson,Deezer,,,,,80440
Adrien Gallo,Deezer,,,,,4429709
Charlene Soraia,Deezer,,,,,507710
Darcy,Deezer,,,,,192002
Adil El Miloudi,Deezer,,,,,1243273
La Clinique,Deezer,,,,,16801
220 KID,Deezer,,,,,50577082
Solano,Deezer,,,,,156385
Lubiana,Deezer,,,,,5852263
Reda City 16,Deezer,,,,,101621
Master Sina,Deezer,,,,,10493231
Tony Romera,Deezer,,,,,371669
Rai,Deezer,,,,,808276
Rusowsky,Deezer,,,,,14547813
Fixpen Sill,Deezer,,,,,5957408
Laurie Darmon,Deezer,,,,,5439694
Sheikh Abdul Basset Abdel Samad,Deezer,,,,,388718
ALP,Deezer,,,,,102608
Bleu Toucan,Deezer,,,,,7077683
Janie,Deezer,,,,,80978422
Sen Senra,Deezer,,,,,7457468
Max Styler,Deezer,,,,,6469465
Dabs,Deezer,,,,,275677
Clio,Deezer,,,,,10154394
Kiemsa,Deezer,,,,,14277
Sam Sauvage,Deezer,,,,,101969182
Ajar,Deezer,,,,,3601941
Dr. Yaro & La Folie,Deezer,,,,,53742712
Ødyssey,Deezer,,,,,11488450
St Graal,Deezer,,,,,13311053
KDD,Deezer,,,,,13733
VALORANT,Deezer,,,,,136012742
Fouzi Torino,Deezer,,,,,7874592
De Hofnar,Deezer,,,,,5387928
Poolside,Deezer,,,,,1088905
Antoine Elie,Deezer,,,,,8681774
Colt,Deezer,,,,,507886
Clou,Deezer,,,,,77163
Jean Tonique,Deezer,,,,,1690810
Сергей Трофимов,Deezer,,,,,4459137
Laura Cahen,Deezer,,,,,1593750
Léonie Pernet,Deezer,,,,,5701960
Diva Faune,Deezer,,,,,1611138
Rouquine,Deezer,,,,,96110972
Johnny Jane,Deezer,,,,,78200722
Soge Culebra,Deezer,,,,,9305278
Low Deep T,Deezer,,,,,1453262
Naestro,Deezer,,,,,14814377
Coline Rio,Deezer,,,,,12231880
Lulu Gainsbourg,Deezer,,,,,1376656
Sage,Deezer,,,,,345686
Magenta Club,Deezer,,,,,75964992
Malo',Deezer,,,,,1428115
