id_unique,nom,source,fans,genre,image_url,url_deezer,date_collecte
Sisik_deezer,Sisik,Deezer,55789,Non spécifié,https://cdn-images.dzcdn.net/images/artist/2009c661203b1d7cf69e5c264a95ed59/250x250-000000-80-0-0.jpg,https://www.deezer.com/artist/8125697,2026-01-24 08:17:34
Styleto_deezer,Styleto,Deezer,55119,Non spécifié,https://cdn-images.dzcdn.net/images/artist/33a37d44935d5414c97244a3ec80906e/250x250-000000-80-0-0.jpg,https://www.deezer.com/artist/170886747,2026-01-24 08:17:34
Rose_deezer,Rose,Deezer,54399,Non spécifié,https://cdn-images.dzcdn.net/images/artist/89ab5723cc88639634f3283f766cf451/250x250-000000-80-0-0.jpg,https://www.deezer.com/artist/12131,2026-01-24 08:17:35
AM La Scampia_deezer,AM La Scampia,Deezer,45872,Non spécifié,https://cdn-images.dzcdn.net/images/artist/18166c9872222df7269e826a713bb76f/250x250-000000-80-0-0.jpg,https://www.deezer.com/artist/14633713,2026-01-24 08:17:35
Maxence_deezer,Maxence,Deezer,43082,Non spécifié,https://cdn-images.dzcdn.net/images/artist/9c72455bbf9dc37faa2687d384841654/250x250-000000-80-0-0.jpg,https://www.deezer.com/artist/12086854,2026-01-24 08:17:36
Darius_deezer,Darius,Deezer,41552,Non spécifié,https://cdn-images.dzcdn.net/images/artist/7155e165635198a1d56b0ffb1dfbb109/250x250-000000-80-0-0.jpg,https://www.deezer.com/artist/12049,2026-01-24 08:17:36
Maze_deezer,Maze,Deezer,41268,Non spécifié,https://cdn-images.dzcdn.net/images/artist/c3287a6d80af4083c66a23ab2f46ccd0/250x250-000000-80-0-0.jpg,https://www.deezer.com/artist/2398,2026-01-24 08:17:36
Hervé_deezer,Hervé,Deezer,39087,Non spécifié,https://cdn-images.dzcdn.net/images/artist/9421a6d4a3e099feb47ca62afd45ac25/250x250-000000-80-0-0.jpg,https://www.deezer.com/artist/13698817,2026-01-24 08:17:37
Chicaille Argenté_deezer,Chicaille Argenté,Deezer,38246,Non spécifié,https://cdn-images.dzcdn.net/images/artist/4bb644dbbfef990f0dc5be29200bd55f/250x250-000000-80-0-0.jpg,https://www.deezer.com/artist/72417252,2026-01-24 08:17:37
Foufa Torino_deezer,Foufa Torino,Deezer,34330,Non spécifié,https://cdn-images.dzcdn.net/images/artist/d035f4af9c808ab5b886fb8a5507aa28/250x250-000000-80-0-0.jpg,https://www.deezer.com/artist/72597562,2026-01-24 08:17:38
Youka_deezer,Youka,Deezer,33150,Non spécifié,https://cdn-images.dzcdn.net/images/artist/3d554c732dd0d99ce92b464e11cc96fe/250x250-000000-80-0-0.jpg,https://www.deezer.com/artist/71363652,2026-01-24 08:17:38
Sam's_deezer,Sam's,Deezer,32031,Non spécifié,https://cdn-images.dzcdn.net/images/artist/2b9eb32c25963db0c474be9424bb7d63/250x250-000000-80-0-0.jpg,https://www.deezer.com/artist/309680,2026-01-24 08:17:39
Kafon_deezer,Kafon,Deezer,31187,Non spécifié,https://cdn-images.dzcdn.net/images/artist/b82248d56080ca89d1411f4dde051f0f/250x250-000000-80-0-0.jpg,https://www.deezer.com/artist/8557848,2026-01-24 08:17:39
Waxx_deezer,Waxx,Deezer,31158,Non spécifié,https://cdn-images.dzcdn.net/images/artist/dce6dd6b6e9b65693a21aa1773352e3e/250x250-000000-80-0-0.jpg,https://www.deezer.com/artist/12564376,2026-01-24 08:17:39
Parabellum_deezer,Parabellum,Deezer,30249,Non spécifié,https://cdn-images.dzcdn.net/images/artist/fb57dd3abcf3f794c05e77b967980969/250x250-000000-80-0-0.jpg,https://www.deezer.com/artist/7639,2026-01-24 08:17:40
S-Pion_deezer,S-Pion,Deezer,30091,Non spécifié,https://cdn-images.dzcdn.net/images/artist/36b1c0a81c04c8f8ead1b1508d9d080d/250x250-000000-80-0-0.jpg,https://www.deezer.com/artist/12796111,2026-01-24 08:17:40
Marie-Flore_deezer,Marie-Flore,Deezer,29094,Non spécifié,https://cdn-images.dzcdn.net/images/artist/81054752562054bfff4479b04188a41c/250x250-000000-80-0-0.jpg,https://www.deezer.com/artist/343829,2026-01-24 08:17:41
Frànçois & The Atlas Mountains_deezer,Frànçois & The Atlas Mountains,Deezer,28124,Non spécifié,https://cdn-images.dzcdn.net/images/artist/fe0cc99516d2303c35ded71db3f29bcc/250x250-000000-80-0-0.jpg,https://www.deezer.com/artist/989667,2026-01-24 08:17:41
Flora Fishbach_deezer,Flora Fishbach,Deezer,28179,Non spécifié,https://cdn-images.dzcdn.net/images/artist/3bdbaeddc5d8fe0eb2a2902bbf4ca403/250x250-000000-80-0-0.jpg,https://www.deezer.com/artist/8852364,2026-01-24 08:17:42
GAULOIS_deezer,GAULOIS,Deezer,32289,Non spécifié,https://cdn-images.dzcdn.net/images/artist/87baff74f3cff7bf4218017cc9bf317c/250x250-000000-80-0-0.jpg,https://www.deezer.com/artist/5376408,2026-01-24 08:17:42
Didou Parisien_deezer,Didou Parisien,Deezer,27664,Non spécifié,https://cdn-images.dzcdn.net/images/artist/51d5a6dd94cd79afa9797467239d1d43/250x250-000000-80-0-0.jpg,https://www.deezer.com/artist/9026872,2026-01-24 08:17:42
No Limit_deezer,No Limit,Deezer,27415,Non spécifié,https://cdn-images.dzcdn.net/images/artist/919393e2e6ad08348f9cbd1323bdebd5/250x250-000000-80-0-0.jpg,https://www.deezer.com/artist/136645872,2026-01-24 08:17:43
Adrian von Ziegler_deezer,Adrian von Ziegler,Deezer,27103,Non spécifié,https://cdn-images.dzcdn.net/images/artist/b0f830ffd5916d0eb51a95018e6dfc79/250x250-000000-80-0-0.jpg,https://www.deezer.com/artist/5098098,2026-01-24 08:17:43
Stéphane_deezer,Stéphane,Deezer,26987,Non spécifié,https://cdn-images.dzcdn.net/images/artist/7cac303098c791b78e2a110e53efdde8/250x250-000000-80-0-0.jpg,https://www.deezer.com/artist/128266712,2026-01-24 08:17:44
La Phaze_deezer,La Phaze,Deezer,26717,Non spécifié,https://cdn-images.dzcdn.net/images/artist/721065eee9fe262ae53a78ae34d5e173/250x250-000000-80-0-0.jpg,https://www.deezer.com/artist/1607,2026-01-24 08:17:44
Kennedy_deezer,Kennedy,Deezer,25424,Non spécifié,https://cdn-images.dzcdn.net/images/artist/5b488d9d78ebdd88fd41ef093e982a41/250x250-000000-80-0-0.jpg,https://www.deezer.com/artist/67727,2026-01-24 08:17:45
Philip_deezer,Philip,Deezer,4870,Non spécifié,https://cdn-images.dzcdn.net/images/artist/da288077927ab35f0ff4460c0e555ed8/250x250-000000-80-0-0.jpg,https://www.deezer.com/artist/96659,2026-01-24 08:17:45
Disco Lines_deezer,Disco Lines,Deezer,4948,Non spécifié,https://cdn-images.dzcdn.net/images/artist/8d07e4515ef235b97becd5c28d23ea75/250x250-000000-80-0-0.jpg,https://www.deezer.com/artist/65148802,2026-01-24 08:17:45
Le Bal des Enragés_deezer,Le Bal des Enragés,Deezer,4741,Non spécifié,https://cdn-images.dzcdn.net/images/artist/f48d7446513c1383ff3a3ada70b66083/250x250-000000-80-0-0.jpg,https://www.deezer.com/artist/504646,2026-01-24 08:17:46
Shlømo_deezer,Shlømo,Deezer,4789,Non spécifié,https://cdn-images.dzcdn.net/images/artist/0b77a09bc3263fffc95fac539007fb04/250x250-000000-80-0-0.jpg,https://www.deezer.com/artist/1669858,2026-01-24 08:17:46
Ева Польна_deezer,Ева Польна,Deezer,4589,Non spécifié,https://cdn-images.dzcdn.net/images/artist/d8d50816d6417cd15101728b807539b9/250x250-000000-80-0-0.jpg,https://www.deezer.com/artist/4153477,2026-01-24 08:17:47
Terrenoire_deezer,Terrenoire,Deezer,24685,Non spécifié,https://cdn-images.dzcdn.net/images/artist/b68616030d9a5ebcd269e07a8c1eb4ab/250x250-000000-80-0-0.jpg,https://www.deezer.com/artist/14310515,2026-01-24 08:17:47
Robi_deezer,Robi,Deezer,4524,Non spécifié,https://cdn-images.dzcdn.net/images/artist/3ccdf1df3dce694c0d6f0ae9c122f270/250x250-000000-80-0-0.jpg,https://www.deezer.com/artist/1446067,2026-01-24 08:17:48
Moka Boka_deezer,Moka Boka,Deezer,4437,Non spécifié,https://cdn-images.dzcdn.net/images/artist/510de8a543626b23efb94a7d9ac0d976/250x250-000000-80-0-0.jpg,https://www.deezer.com/artist/11701147,2026-01-24 08:17:48
BLOWSOM_deezer,BLOWSOM,Deezer,4448,Non spécifié,https://cdn-images.dzcdn.net/images/artist/f9fa2107af0d28ebfc6a319b26166940/250x250-000000-80-0-0.jpg,https://www.deezer.com/artist/10267432,2026-01-24 08:17:48
Richard Grey_deezer,Richard Grey,Deezer,4064,Non spécifié,https://cdn-images.dzcdn.net/images/artist/4f504366e1106f1ba574e38e0baf4355/250x250-000000-80-0-0.jpg,https://www.deezer.com/artist/81160,2026-01-24 08:17:49
Diego Pallavas_deezer,Diego Pallavas,Deezer,3998,Non spécifié,https://cdn-images.dzcdn.net/images/artist/dba0fc28bec2090436c3e797ddf94f49/250x250-000000-80-0-0.jpg,https://www.deezer.com/artist/256226,2026-01-24 08:17:49
Anwar_deezer,Anwar,Deezer,3993,Non spécifié,https://cdn-images.dzcdn.net/images/artist/2129f67f86c219e167c48bcbf313b274/250x250-000000-80-0-0.jpg,https://www.deezer.com/artist/11066168,2026-01-24 08:17:50
Saint DX_deezer,Saint DX,Deezer,3812,Non spécifié,https://cdn-images.dzcdn.net/images/artist/24844df182c777f69f0ed70c386e3ed5/250x250-000000-80-0-0.jpg,https://www.deezer.com/artist/13641021,2026-01-24 08:17:50
Mathieu Des Longchamps_deezer,Mathieu Des Longchamps,Deezer,3785,Non spécifié,https://cdn-images.dzcdn.net/images/artist/971b82fa111d104844e9aeb5be05f162/250x250-000000-80-0-0.jpg,https://www.deezer.com/artist/14131735,2026-01-24 08:17:51
Sans Lactose_deezer,Sans Lactose,Deezer,3771,Non spécifié,https://cdn-images.dzcdn.net/images/artist/462454e4c39e7b8e23c73af9c9b357e0/250x250-000000-80-0-0.jpg,https://www.deezer.com/artist/62082502,2026-01-24 08:17:51
22 Longs Riffs_deezer,22 Longs Riffs,Deezer,3731,Non spécifié,https://cdn-images.dzcdn.net/images/artist/ce9390b558a20e5b4791ae1065492ec7/250x250-000000-80-0-0.jpg,https://www.deezer.com/artist/13311795,2026-01-24 08:17:51
Walls_deezer,Walls,Deezer,3539,Non spécifié,https://cdn-images.dzcdn.net/images/artist/8427904f12c8245f3c3fe474bf046ce8/250x250-000000-80-0-0.jpg,https://www.deezer.com/artist/56464392,2026-01-24 08:17:52
Adamé_deezer,Adamé,Deezer,3552,Non spécifié,https://cdn-images.dzcdn.net/images/artist/51210c7ae5f5681b1ef25eed10feecae/250x250-000000-80-0-0.jpg,https://www.deezer.com/artist/99225682,2026-01-24 08:17:52
Zubi_deezer,Zubi,Deezer,3521,Non spécifié,https://cdn-images.dzcdn.net/images/artist/aa224a21adc0a789707ecf3775afe2a7/250x250-000000-80-0-0.jpg,https://www.deezer.com/artist/6901971,2026-01-24 08:17:53
Kedym_deezer,Kedym,Deezer,3488,Non spécifié,https://cdn-images.dzcdn.net/images/artist/1d31f9624214e2a4dd9c82d1b4195c73/250x250-000000-80-0-0.jpg,https://www.deezer.com/artist/11831069,2026-01-24 08:17:53
Alexia Gredy_deezer,Alexia Gredy,Deezer,3512,Non spécifié,https://cdn-images.dzcdn.net/images/artist/1121383f71567ba84634e7e3175b9eec/250x250-000000-80-0-0.jpg,https://www.deezer.com/artist/4456602,2026-01-24 08:17:53
Balbino Medellin_deezer,Balbino Medellin,Deezer,3472,Non spécifié,https://cdn-images.dzcdn.net/images/artist/60248fde7c299f44227b6a4e5f91d536/250x250-000000-80-0-0.jpg,https://www.deezer.com/artist/74698,2026-01-24 08:17:54
Annie Lalalove_deezer,Annie Lalalove,Deezer,3354,Non spécifié,https://cdn-images.dzcdn.net/images/artist/28051c92f249f021715a5182c9c938e2/250x250-000000-80-0-0.jpg,https://www.deezer.com/artist/136951462,2026-01-24 08:17:54
Bolivard_deezer,Bolivard,Deezer,3366,Non spécifié,https://cdn-images.dzcdn.net/images/artist/7ad1bfa620828ee7d9490dc71ed71616/250x250-000000-80-0-0.jpg,https://www.deezer.com/artist/1711511,2026-01-24 08:17:55
Grandmaster Flash & The Furious Five_deezer,Grandmaster Flash & The Furious Five,Deezer,23300,Non spécifié,https://cdn-images.dzcdn.net/images/artist/3dcb243cd2449f381f1569cb52e39618/250x250-000000-80-0-0.jpg,https://www.deezer.com/artist/8582,2026-01-24 08:17:55
Cid_deezer,Cid,Deezer,3267,Non spécifié,https://cdn-images.dzcdn.net/images/artist/7d69abee00745daf3b058363c2dc1c75/250x250-000000-80-0-0.jpg,https://www.deezer.com/artist/3267911,2026-01-24 08:17:55
Walter Astral_deezer,Walter Astral,Deezer,3058,Non spécifié,https://cdn-images.dzcdn.net/images/artist/acab2314d7711d3bb69d1a6a1b16d72f/250x250-000000-80-0-0.jpg,https://www.deezer.com/artist/151908072,2026-01-24 08:17:56
V13_deezer,V13,Deezer,2900,Non spécifié,https://cdn-images.dzcdn.net/images/artist/147a6a57847c77f98fc2f0609e551c60/250x250-000000-80-0-0.jpg,https://www.deezer.com/artist/340296,2026-01-24 08:17:56
Wolkenfrei_deezer,Wolkenfrei,Deezer,2832,Non spécifié,https://cdn-images.dzcdn.net/images/artist/6860c8a2df18bf1fedc2d896af806cc0/250x250-000000-80-0-0.jpg,https://www.deezer.com/artist/4995016,2026-01-24 08:17:57
REYKO_deezer,REYKO,Deezer,2805,Non spécifié,https://cdn-images.dzcdn.net/images/artist/c88c23d88bfdaca62708c7693c8fb27f/250x250-000000-80-0-0.jpg,https://www.deezer.com/artist/6066874,2026-01-24 08:17:57
Hifi_deezer,Hifi,Deezer,2748,Non spécifié,https://cdn-images.dzcdn.net/images/artist/0446777a554a4df4d263943b8afaff12/250x250-000000-80-0-0.jpg,https://www.deezer.com/artist/13486,2026-01-24 08:17:57
JR O Crom_deezer,JR O Crom,Deezer,2736,Non spécifié,https://cdn-images.dzcdn.net/images/artist/afc7689de76ece6c42a98734bbc7dc22/250x250-000000-80-0-0.jpg,https://www.deezer.com/artist/4683064,2026-01-24 08:17:58
Searows_deezer,Searows,Deezer,2839,Non spécifié,https://cdn-images.dzcdn.net/images/artist/5a5f738fcd75e1176b9750ca8e28d8c9/250x250-000000-80-0-0.jpg,https://www.deezer.com/artist/158683422,2026-01-24 08:17:58
Meimuna_deezer,Meimuna,Deezer,2618,Non spécifié,https://cdn-images.dzcdn.net/images/artist/ae9c8697d03bae9c0b1fb7e06a10b1a8/250x250-000000-80-0-0.jpg,https://www.deezer.com/artist/14329801,2026-01-24 08:17:59
Bouga_deezer,Bouga,Deezer,2499,Non spécifié,https://cdn-images.dzcdn.net/images/artist/d07fe316f2e40e7e408462e520810dca/250x250-000000-80-0-0.jpg,https://www.deezer.com/artist/71238,2026-01-24 08:17:59
Lancelot_deezer,Lancelot,Deezer,2478,Non spécifié,https://cdn-images.dzcdn.net/images/artist/57d51cc7dbfc84726f7eb5dec7fbe55f/250x250-000000-80-0-0.jpg,https://www.deezer.com/artist/175066527,2026-01-24 08:17:59
Labess_deezer,Labess,Deezer,22274,Non spécifié,https://cdn-images.dzcdn.net/images/artist/d141b4330fbbb18cf01466e28a7b0c11/250x250-000000-80-0-0.jpg,https://www.deezer.com/artist/4018754,2026-01-24 08:18:00
Spooks_deezer,Spooks,Deezer,2239,Non spécifié,https://cdn-images.dzcdn.net/images/artist/5483c7ae476720a79d16b141831be0d0/250x250-000000-80-0-0.jpg,https://www.deezer.com/artist/551,2026-01-24 08:18:00
Gorillaz featuring De La Soul_deezer,Gorillaz featuring De La Soul,Deezer,2215,Non spécifié,https://cdn-images.dzcdn.net/images/artist//250x250-000000-80-0-0.jpg,https://www.deezer.com/artist/5285689,2026-01-24 08:18:01
Albany_deezer,Albany,Deezer,2202,Non spécifié,https://cdn-images.dzcdn.net/images/artist/75388355d1e070da5bfdd74273d17c61/250x250-000000-80-0-0.jpg,https://www.deezer.com/artist/391466,2026-01-24 08:18:01
Sault_deezer,Sault,Deezer,22703,Non spécifié,https://cdn-images.dzcdn.net/images/artist/3c29a05982d7c9c476c45e2259421dce/250x250-000000-80-0-0.jpg,https://www.deezer.com/artist/5438687,2026-01-24 08:18:01
Tout Simplement Noir_deezer,Tout Simplement Noir,Deezer,2132,Non spécifié,https://cdn-images.dzcdn.net/images/artist/d17fc307ecca5dfa0b8870ef567e33e7/250x250-000000-80-0-0.jpg,https://www.deezer.com/artist/72209,2026-01-24 08:18:02
Dina Ayada_deezer,Dina Ayada,Deezer,2171,Non spécifié,https://cdn-images.dzcdn.net/images/artist/3ae15925cbe409261d2d301aeb9f8441/250x250-000000-80-0-0.jpg,https://www.deezer.com/artist/9483070,2026-01-24 08:18:02
MaMaMa_deezer,MaMaMa,Deezer,2042,Non spécifié,https://cdn-images.dzcdn.net/images/artist/aa9eab1615890f2f2f55c8523dc31bd0/250x250-000000-80-0-0.jpg,https://www.deezer.com/artist/5927653,2026-01-24 08:18:03
Luar_deezer,Luar,Deezer,1968,Non spécifié,https://cdn-images.dzcdn.net/images/artist/97ddd05c31e39b82da591dce0cf19b56/250x250-000000-80-0-0.jpg,https://www.deezer.com/artist/557542,2026-01-24 08:18:03
Ralphie Choo_deezer,Ralphie Choo,Deezer,1992,Non spécifié,https://cdn-images.dzcdn.net/images/artist/63e44a21466eb789c8edc8f45036c278/250x250-000000-80-0-0.jpg,https://www.deezer.com/artist/79131832,2026-01-24 08:18:03
Squadra_deezer,Squadra,Deezer,21936,Non spécifié,https://cdn-images.dzcdn.net/images/artist/1bc55a1c21de3e8d46f29505f64a96a2/250x250-000000-80-0-0.jpg,https://www.deezer.com/artist/1400835,2026-01-24 08:18:04
Harley_deezer,Harley,Deezer,1906,Non spécifié,https://cdn-images.dzcdn.net/images/artist/cb3d38eb59b614f2ba7391d317e81b53/250x250-000000-80-0-0.jpg,https://www.deezer.com/artist/122001252,2026-01-24 08:18:04
Lilian Barbe_deezer,Lilian Barbe,Deezer,1836,Non spécifié,https://cdn-images.dzcdn.net/images/artist/ced639974d339ec5548e1f40c7b11375/250x250-000000-80-0-0.jpg,https://www.deezer.com/artist/154864891,2026-01-24 08:18:05
ILIONA_deezer,ILIONA,Deezer,22233,Non spécifié,https://cdn-images.dzcdn.net/images/artist/83d1ea604102175273b0bde1fc48682a/250x250-000000-80-0-0.jpg,https://www.deezer.com/artist/91132672,2026-01-24 08:18:05
Sako (Chiens de Paille)_deezer,Sako (Chiens de Paille),Deezer,1755,Non spécifié,https://cdn-images.dzcdn.net/images/artist/279680cebaccbdb5c6cad07b93f9c601/250x250-000000-80-0-0.jpg,https://www.deezer.com/artist/5280541,2026-01-24 08:18:05
Cheik Abderrahmane Soudaiss_deezer,Cheik Abderrahmane Soudaiss,Deezer,1712,Non spécifié,https://cdn-images.dzcdn.net/images/artist/610fad5cf2f91508134203f0fe1a0b1e/250x250-000000-80-0-0.jpg,https://www.deezer.com/artist/341448,2026-01-24 08:18:06
Noé Preszow_deezer,Noé Preszow,Deezer,21810,Non spécifié,https://cdn-images.dzcdn.net/images/artist/727c21c7ce9aca3adb6ffdef45547fd6/250x250-000000-80-0-0.jpg,https://www.deezer.com/artist/13636759,2026-01-24 08:18:06
Alex Mills_deezer,Alex Mills,Deezer,1652,Non spécifié,https://cdn-images.dzcdn.net/images/artist/abe492a6e24bd56fc46a1a3ee8169511/250x250-000000-80-0-0.jpg,https://www.deezer.com/artist/260417,2026-01-24 08:18:07
2zer_deezer,2zer,Deezer,21617,Non spécifié,https://cdn-images.dzcdn.net/images/artist/234e598c01fe7e2b603ce396e56a7b6a/250x250-000000-80-0-0.jpg,https://www.deezer.com/artist/4856051,2026-01-24 08:18:07
HEDIA_deezer,HEDIA,Deezer,1473,Non spécifié,https://cdn-images.dzcdn.net/images/artist/a025e9624cd19913cb58422669d7528d/250x250-000000-80-0-0.jpg,https://www.deezer.com/artist/6607334,2026-01-24 08:18:07
Dimitri Rougeul_deezer,Dimitri Rougeul,Deezer,1461,Non spécifié,https://cdn-images.dzcdn.net/images/artist/16b6d0673af44ba92b46a06d8ba5c46a/250x250-000000-80-0-0.jpg,https://www.deezer.com/artist/4822547,2026-01-24 08:18:08
KCIDY_deezer,KCIDY,Deezer,1456,Non spécifié,https://cdn-images.dzcdn.net/images/artist/8e6a6df5b15b4e8ad3d9a37b8ee5e0cf/250x250-000000-80-0-0.jpg,https://www.deezer.com/artist/7294142,2026-01-24 08:18:08
Index_deezer,Index,Deezer,1285,Non spécifié,https://cdn-images.dzcdn.net/images/artist/69a0a9dc790fc285262c088d30959d1c/250x250-000000-80-0-0.jpg,https://www.deezer.com/artist/285927,2026-01-24 08:18:09
Polocorp_deezer,Polocorp,Deezer,1259,Non spécifié,https://cdn-images.dzcdn.net/images/artist/3d44d68b41e7219bbe9705b591bb8825/250x250-000000-80-0-0.jpg,https://www.deezer.com/artist/1702852,2026-01-24 08:18:09
MBS_deezer,MBS,Deezer,1235,Non spécifié,https://cdn-images.dzcdn.net/images/artist/c76219620058bc860f143c73d3c29a1f/250x250-000000-80-0-0.jpg,https://www.deezer.com/artist/149011,2026-01-24 08:18:09
DO not DO_deezer,DO not DO,Deezer,1165,Non spécifié,https://cdn-images.dzcdn.net/images/artist/cccd317cf14c4c356a948286bcf6c7e5/250x250-000000-80-0-0.jpg,https://www.deezer.com/artist/160336492,2026-01-24 08:18:10
Huko_deezer,Huko,Deezer,1161,Non spécifié,https://cdn-images.dzcdn.net/images/artist/c80fe4c0d205ffd1270b4d1fc3cd0cf7/250x250-000000-80-0-0.jpg,https://www.deezer.com/artist/10098026,2026-01-24 08:18:10
Nerlov_deezer,Nerlov,Deezer,1125,Non spécifié,https://cdn-images.dzcdn.net/images/artist/9aa9b9f38dbc54f2c13d3435972c4726/250x250-000000-80-0-0.jpg,https://www.deezer.com/artist/11539775,2026-01-24 08:18:11
Réciprok_deezer,Réciprok,Deezer,1076,Non spécifié,https://cdn-images.dzcdn.net/images/artist/33e07830e979a3c7110a6da5487502b5/250x250-000000-80-0-0.jpg,https://www.deezer.com/artist/129700,2026-01-24 08:18:11
Sixième Sens_deezer,Sixième Sens,Deezer,1065,Non spécifié,https://cdn-images.dzcdn.net/images/artist/ee3ac159f13aef29555d6151868224f9/250x250-000000-80-0-0.jpg,https://www.deezer.com/artist/89649,2026-01-24 08:18:11
Nina Battisti_deezer,Nina Battisti,Deezer,1043,Non spécifié,https://cdn-images.dzcdn.net/images/artist/fdf0b1ae33be828de8540d831cc58971/250x250-000000-80-0-0.jpg,https://www.deezer.com/artist/66705142,2026-01-24 08:18:12
Palm Trees_deezer,Palm Trees,Deezer,1018,Non spécifié,https://cdn-images.dzcdn.net/images/artist/cb234a2488c6a0a9307bcc7ba7f6778e/250x250-000000-80-0-0.jpg,https://www.deezer.com/artist/8673994,2026-01-24 08:18:12
Miel De Montagne_deezer,Miel De Montagne,Deezer,20854,Non spécifié,https://cdn-images.dzcdn.net/images/artist/5c2978a2279069c3e71435ef1fbb3192/250x250-000000-80-0-0.jpg,https://www.deezer.com/artist/13994675,2026-01-24 08:18:13
Kazy Lambist_deezer,Kazy Lambist,Deezer,20397,Non spécifié,https://cdn-images.dzcdn.net/images/artist/0c8ba604d75d0a2586569844ff28b5af/250x250-000000-80-0-0.jpg,https://www.deezer.com/artist/5973802,2026-01-24 08:18:13
Romare_deezer,Romare,Deezer,19917,Non spécifié,https://cdn-images.dzcdn.net/images/artist/185992d1aa3ca003a901f29053089ab3/250x250-000000-80-0-0.jpg,https://www.deezer.com/artist/2938511,2026-01-24 08:18:13
Le 3ème Œil_deezer,Le 3ème Œil,Deezer,19941,Non spécifié,https://cdn-images.dzcdn.net/images/artist/ce253a4daa7f12032321f87fd922cdf3/250x250-000000-80-0-0.jpg,https://www.deezer.com/artist/2251,2026-01-24 08:18:14
Ouss & Riane_deezer,Ouss & Riane,Deezer,9689,Non spécifié,https://cdn-images.dzcdn.net/images/artist/1b6957ed0a2e15f78d6316b5483701ed/250x250-000000-80-0-0.jpg,https://www.deezer.com/artist/408682,2026-01-24 08:18:14
Tchiggy_deezer,Tchiggy,Deezer,9663,Non spécifié,https://cdn-images.dzcdn.net/images/artist/bcd6ddef2bf3229e3210a86b69cbf34d/250x250-000000-80-0-0.jpg,https://www.deezer.com/artist/13719509,2026-01-24 08:18:15
Léa Paci_deezer,Léa Paci,Deezer,19763,Non spécifié,https://cdn-images.dzcdn.net/images/artist/7b0ba0e0b3daf25d70b72018c5b7269f/250x250-000000-80-0-0.jpg,https://www.deezer.com/artist/11273910,2026-01-24 08:18:15
Tony Ann_deezer,Tony Ann,Deezer,19771,Non spécifié,https://cdn-images.dzcdn.net/images/artist/f97c7bcb5bc1f91577833c34d08581a7/250x250-000000-80-0-0.jpg,https://www.deezer.com/artist/13942111,2026-01-24 08:18:16
Srno_deezer,Srno,Deezer,19589,Non spécifié,https://cdn-images.dzcdn.net/images/artist/8c05736b543e91c21ed2b08a492d4bcb/250x250-000000-80-0-0.jpg,https://www.deezer.com/artist/9958710,2026-01-24 08:18:16
Snooky Pryor_deezer,Snooky Pryor,Deezer,9316,Non spécifié,https://cdn-images.dzcdn.net/images/artist/190490f354344b2b50974ecb09b601a2/250x250-000000-80-0-0.jpg,https://www.deezer.com/artist/273905,2026-01-24 08:18:17
Nakk Mendosa_deezer,Nakk Mendosa,Deezer,19095,Non spécifié,https://cdn-images.dzcdn.net/images/artist/13e29651c9f0d8e8d7625ee44bb5b0f2/250x250-000000-80-0-0.jpg,https://www.deezer.com/artist/205298,2026-01-24 08:18:17
Jalal El Hamdaoui_deezer,Jalal El Hamdaoui,Deezer,9023,Non spécifié,https://cdn-images.dzcdn.net/images/artist/f864399be6f8c1a958138e0f6e915d1f/250x250-000000-80-0-0.jpg,https://www.deezer.com/artist/124952,2026-01-24 08:18:17
Mattyeux_deezer,Mattyeux,Deezer,8995,Non spécifié,https://cdn-images.dzcdn.net/images/artist/5bacbaa1f10290b564a4bd44fffc9a22/250x250-000000-80-0-0.jpg,https://www.deezer.com/artist/163940587,2026-01-24 08:18:18
Leck_deezer,Leck,Deezer,18782,Non spécifié,https://cdn-images.dzcdn.net/images/artist/5dffc29d1c0ea50ab79435429d752b9e/250x250-000000-80-0-0.jpg,https://www.deezer.com/artist/95560,2026-01-24 08:18:18
Le réparateur_deezer,Le réparateur,Deezer,8803,Non spécifié,https://cdn-images.dzcdn.net/images/artist/a3aca31dbd0c33bab33135017569d918/250x250-000000-80-0-0.jpg,https://www.deezer.com/artist/342163,2026-01-24 08:18:19
Generationals_deezer,Generationals,Deezer,8727,Non spécifié,https://cdn-images.dzcdn.net/images/artist/eebf362cf03c25f5b2cedcc77b03a9b0/250x250-000000-80-0-0.jpg,https://www.deezer.com/artist/299044,2026-01-24 08:18:19
Emma Bale_deezer,Emma Bale,Deezer,8418,Non spécifié,https://cdn-images.dzcdn.net/images/artist/2961b3702c8460f496f8d8be2d0e0cd8/250x250-000000-80-0-0.jpg,https://www.deezer.com/artist/7210378,2026-01-24 08:18:20
Dry Cleaning_deezer,Dry Cleaning,Deezer,8522,Non spécifié,https://cdn-images.dzcdn.net/images/artist/d03e45accf583003465a04d5e26d76e0/250x250-000000-80-0-0.jpg,https://www.deezer.com/artist/67907232,2026-01-24 08:18:20
Gaelle_deezer,Gaelle,Deezer,8306,Non spécifié,https://cdn-images.dzcdn.net/images/artist/42b519519acbed3bca3090d573deb385/250x250-000000-80-0-0.jpg,https://www.deezer.com/artist/5564,2026-01-24 08:18:21
chien noir_deezer,chien noir,Deezer,8139,Non spécifié,https://cdn-images.dzcdn.net/images/artist/acfe2b67bc68e435294ca85ff740aac9/250x250-000000-80-0-0.jpg,https://www.deezer.com/artist/13217707,2026-01-24 08:18:21
FRENSHIP_deezer,FRENSHIP,Deezer,8028,Non spécifié,https://cdn-images.dzcdn.net/images/artist/a0a6907702cda57f64b14b3c7814857c/250x250-000000-80-0-0.jpg,https://www.deezer.com/artist/5145267,2026-01-24 08:18:21
The Doug_deezer,The Doug,Deezer,8048,Non spécifié,https://cdn-images.dzcdn.net/images/artist/f5d8331a4e950576334651c6e57aaae8/250x250-000000-80-0-0.jpg,https://www.deezer.com/artist/6579627,2026-01-24 08:18:22
Mariah the Scientist_deezer,Mariah the Scientist,Deezer,18501,Non spécifié,https://cdn-images.dzcdn.net/images/artist/a74256d5378cd81d95a63c2892951a9d/250x250-000000-80-0-0.jpg,https://www.deezer.com/artist/70986422,2026-01-24 08:18:22
Hollydays_deezer,Hollydays,Deezer,7936,Non spécifié,https://cdn-images.dzcdn.net/images/artist/7bbd5604e602a9eacb263245ee325f3e/250x250-000000-80-0-0.jpg,https://www.deezer.com/artist/4328434,2026-01-24 08:18:23
P.R2B_deezer,P.R2B,Deezer,8063,Non spécifié,https://cdn-images.dzcdn.net/images/artist/33ffd46d10f1dcac9e273807eb85ff46/250x250-000000-80-0-0.jpg,https://www.deezer.com/artist/13909493,2026-01-24 08:18:23
Typh Barrow_deezer,Typh Barrow,Deezer,7740,Non spécifié,https://cdn-images.dzcdn.net/images/artist/b10663428c3ee8104de0417062648fce/250x250-000000-80-0-0.jpg,https://www.deezer.com/artist/5641260,2026-01-24 08:18:24
Justin(e)_deezer,Justin(e),Deezer,7684,Non spécifié,https://cdn-images.dzcdn.net/images/artist/fccb4f0f993a4aa8290f03331d91b8dc/250x250-000000-80-0-0.jpg,https://www.deezer.com/artist/1670514,2026-01-24 08:18:24
Zesau_deezer,Zesau,Deezer,7593,Non spécifié,https://cdn-images.dzcdn.net/images/artist/4c2c86ef5d6e04fd8d83d5ea7e048a82/250x250-000000-80-0-0.jpg,https://www.deezer.com/artist/69076,2026-01-24 08:18:24
Koma_deezer,Koma,Deezer,7601,Non spécifié,https://cdn-images.dzcdn.net/images/artist/95cb8dea1313f2ff329d6ead820f4a53/250x250-000000-80-0-0.jpg,https://www.deezer.com/artist/2215,2026-01-24 08:18:25
Dombrance_deezer,Dombrance,Deezer,7518,Non spécifié,https://cdn-images.dzcdn.net/images/artist/ca440a1a2ad8a9c06c2b3fb5b34544b2/250x250-000000-80-0-0.jpg,https://www.deezer.com/artist/10017,2026-01-24 08:18:25
Zélie_deezer,Zélie,Deezer,17732,Non spécifié,https://cdn-images.dzcdn.net/images/artist/a58c9a4701bd6ae11b244b805e6013c5/250x250-000000-80-0-0.jpg,https://www.deezer.com/artist/5435777,2026-01-24 08:18:26
Jimmy Whoo_deezer,Jimmy Whoo,Deezer,7340,Non spécifié,https://cdn-images.dzcdn.net/images/artist/ec4b3a65cbe1a6ff38bcb0218d212895/250x250-000000-80-0-0.jpg,https://www.deezer.com/artist/445220,2026-01-24 08:18:26
Camel Power Club_deezer,Camel Power Club,Deezer,7225,Non spécifié,https://cdn-images.dzcdn.net/images/artist/f88bdfab133e3f87e106da6ae011935a/250x250-000000-80-0-0.jpg,https://www.deezer.com/artist/6760749,2026-01-24 08:18:27
Pi Ja Ma_deezer,Pi Ja Ma,Deezer,7380,Non spécifié,https://cdn-images.dzcdn.net/images/artist/56e90c9c30247e647e7514c71ecc4318/250x250-000000-80-0-0.jpg,https://www.deezer.com/artist/10339096,2026-01-24 08:18:27
Cheba Maria_deezer,Cheba Maria,Deezer,7024,Non spécifié,https://cdn-images.dzcdn.net/images/artist/f1ca09cbdf5418b513f54175776a7613/250x250-000000-80-0-0.jpg,https://www.deezer.com/artist/56048,2026-01-24 08:18:27
Parmalee_deezer,Parmalee,Deezer,7030,Non spécifié,https://cdn-images.dzcdn.net/images/artist/245eedf5ea0357a19616656e9813614d/250x250-000000-80-0-0.jpg,https://www.deezer.com/artist/395967,2026-01-24 08:18:28
Cate Le Bon_deezer,Cate Le Bon,Deezer,6956,Non spécifié,https://cdn-images.dzcdn.net/images/artist/0cfe913b2401bb8f424e69f8aedb7c39/250x250-000000-80-0-0.jpg,https://www.deezer.com/artist/288658,2026-01-24 08:18:28
Ravyn Lenae_deezer,Ravyn Lenae,Deezer,17236,Non spécifié,https://cdn-images.dzcdn.net/images/artist/4d50b0c9141ab20606f9bca27f5f83c7/250x250-000000-80-0-0.jpg,https://www.deezer.com/artist/8973774,2026-01-24 08:18:29
LE NOISEUR_deezer,LE NOISEUR,Deezer,6844,Non spécifié,https://cdn-images.dzcdn.net/images/artist/a01720b82e7a642aeb2a7742aaccc2da/250x250-000000-80-0-0.jpg,https://www.deezer.com/artist/5841997,2026-01-24 08:18:29
Cween_deezer,Cween,Deezer,6776,Non spécifié,https://cdn-images.dzcdn.net/images/artist/6c94772a88c3bbc9b367ed8b47ed6bf8/250x250-000000-80-0-0.jpg,https://www.deezer.com/artist/4346644,2026-01-24 08:18:30
Zaoui_deezer,Zaoui,Deezer,16870,Non spécifié,https://cdn-images.dzcdn.net/images/artist/02bddad93f0c24966861e6213de4461d/250x250-000000-80-0-0.jpg,https://www.deezer.com/artist/164049927,2026-01-24 08:18:30
Amel Zen_deezer,Amel Zen,Deezer,6735,Non spécifié,https://cdn-images.dzcdn.net/images/artist/c87ece17d763e842f80e049fc5acc6bb/250x250-000000-80-0-0.jpg,https://www.deezer.com/artist/5433412,2026-01-24 08:18:30
Poom_deezer,Poom,Deezer,6744,Non spécifié,https://cdn-images.dzcdn.net/images/artist/57e2c4bfae53a8530706389f2f7ec90e/250x250-000000-80-0-0.jpg,https://www.deezer.com/artist/1196685,2026-01-24 08:18:31
Nakk_deezer,Nakk,Deezer,16667,Non spécifié,https://cdn-images.dzcdn.net/images/artist/403310b890c82fa2b6930550e3c445c7/250x250-000000-80-0-0.jpg,https://www.deezer.com/artist/89094,2026-01-24 08:18:31
Escobar Macson_deezer,Escobar Macson,Deezer,6596,Non spécifié,https://cdn-images.dzcdn.net/images/artist/8c70d8acb41299b2e3c93d993dae28d7/250x250-000000-80-0-0.jpg,https://www.deezer.com/artist/80440,2026-01-24 08:18:32
Adrien Gallo_deezer,Adrien Gallo,Deezer,16505,Non spécifié,https://cdn-images.dzcdn.net/images/artist/de6ffd749cd0c7a266fae22c8f2a81f8/250x250-000000-80-0-0.jpg,https://www.deezer.com/artist/4429709,2026-01-24 08:18:32
Charlene Soraia_deezer,Charlene Soraia,Deezer,6418,Non spécifié,https://cdn-images.dzcdn.net/images/artist/30ed9dc69d4b24c9464158be8a6df4b0/250x250-000000-80-0-0.jpg,https://www.deezer.com/artist/507710,2026-01-24 08:18:33
Darcy_deezer,Darcy,Deezer,6224,Non spécifié,https://cdn-images.dzcdn.net/images/artist/b1d0f6f79ae1a726a3d5f2b53da3a212/250x250-000000-80-0-0.jpg,https://www.deezer.com/artist/192002,2026-01-24 08:18:33
Adil El Miloudi_deezer,Adil El Miloudi,Deezer,6134,Non spécifié,https://cdn-images.dzcdn.net/images/artist/79da1a5ee4e099a42090a682df8bea03/250x250-000000-80-0-0.jpg,https://www.deezer.com/artist/1243273,2026-01-24 08:18:33
La Clinique_deezer,La Clinique,Deezer,6174,Non spécifié,https://cdn-images.dzcdn.net/images/artist/4405835dd63eb5960ce6663fbceb5a04/250x250-000000-80-0-0.jpg,https://www.deezer.com/artist/16801,2026-01-24 08:18:34
220 KID_deezer,220 KID,Deezer,6110,Non spécifié,https://cdn-images.dzcdn.net/images/artist/e746f58c3a6e25a738b50f13551dd1e2/250x250-000000-80-0-0.jpg,https://www.deezer.com/artist/50577082,2026-01-24 08:18:34
Solano_deezer,Solano,Deezer,6009,Non spécifié,https://cdn-images.dzcdn.net/images/artist/c531cd2ae3988e1d79daff0e0b9e737f/250x250-000000-80-0-0.jpg,https://www.deezer.com/artist/156385,2026-01-24 08:18:35
Lubiana_deezer,Lubiana,Deezer,16406,Non spécifié,https://cdn-images.dzcdn.net/images/artist/07a46963fc82424a5e781f95fe8bffcf/250x250-000000-80-0-0.jpg,https://www.deezer.com/artist/5852263,2026-01-24 08:18:35
Reda City 16_deezer,Reda City 16,Deezer,5903,Non spécifié,https://cdn-images.dzcdn.net/images/artist/d61dc70523891ceb15fbdb5e46e1414a/250x250-000000-80-0-0.jpg,https://www.deezer.com/artist/101621,2026-01-24 08:18:36
Master Sina_deezer,Master Sina,Deezer,15918,Non spécifié,https://cdn-images.dzcdn.net/images/artist/b84e24374607d1e2f407589f45703779/250x250-000000-80-0-0.jpg,https://www.deezer.com/artist/10493231,2026-01-24 08:18:36
Tony Romera_deezer,Tony Romera,Deezer,15874,Non spécifié,https://cdn-images.dzcdn.net/images/artist/a09e76f5786d49b451007c605c22ad66/250x250-000000-80-0-0.jpg,https://www.deezer.com/artist/371669,2026-01-24 08:18:36
Rai_deezer,Rai,Deezer,5803,Non spécifié,https://cdn-images.dzcdn.net/images/artist/d695d1137fa8127e6721892eb615041b/250x250-000000-80-0-0.jpg,https://www.deezer.com/artist/808276,2026-01-24 08:18:37
Rusowsky_deezer,Rusowsky,Deezer,5840,Non spécifié,https://cdn-images.dzcdn.net/images/artist/7415fc22f7b047f0081910d7f9121b8e/250x250-000000-80-0-0.jpg,https://www.deezer.com/artist/14547813,2026-01-24 08:18:37
Fixpen Sill_deezer,Fixpen Sill,Deezer,15702,Non spécifié,https://cdn-images.dzcdn.net/images/artist/b9235b104fa4e0416094e896575fe325/250x250-000000-80-0-0.jpg,https://www.deezer.com/artist/5957408,2026-01-24 08:18:38
Laurie Darmon_deezer,Laurie Darmon,Deezer,15718,Non spécifié,https://cdn-images.dzcdn.net/images/artist/2df40e0a12ee3cdda21ebc1759e108f7/250x250-000000-80-0-0.jpg,https://www.deezer.com/artist/5439694,2026-01-24 08:18:38
Sheikh Abdul Basset Abdel Samad_deezer,Sheikh Abdul Basset Abdel Samad,Deezer,5575,Non spécifié,https://cdn-images.dzcdn.net/images/artist/192e87dc431acdac5da263bbc3d846d5/250x250-000000-80-0-0.jpg,https://www.deezer.com/artist/388718,2026-01-24 08:18:39
ALP_deezer,ALP,Deezer,5561,Non spécifié,https://cdn-images.dzcdn.net/images/artist/9cee6908ee2accce107965f660690807/250x250-000000-80-0-0.jpg,https://www.deezer.com/artist/102608,2026-01-24 08:18:39
Bleu Toucan_deezer,Bleu Toucan,Deezer,5563,Non spécifié,https://cdn-images.dzcdn.net/images/artist/fe05b7cfd389fc6e7acfc557852c3aec/250x250-000000-80-0-0.jpg,https://www.deezer.com/artist/7077683,2026-01-24 08:18:39
Janie_deezer,Janie,Deezer,15550,Non spécifié,https://cdn-images.dzcdn.net/images/artist/a59900fdd9cc7829e09d9ef8cc42c227/250x250-000000-80-0-0.jpg,https://www.deezer.com/artist/80978422,2026-01-24 08:18:40
Sen Senra_deezer,Sen Senra,Deezer,5538,Non spécifié,https://cdn-images.dzcdn.net/images/artist/9373dfbe5b0b59c2ff6e61b62d93d852/250x250-000000-80-0-0.jpg,https://www.deezer.com/artist/7457468,2026-01-24 08:18:40
Max Styler_deezer,Max Styler,Deezer,5412,Non spécifié,https://cdn-images.dzcdn.net/images/artist/eb050be68c88feb90e8aa975c7aad42f/250x250-000000-80-0-0.jpg,https://www.deezer.com/artist/6469465,2026-01-24 08:18:41
Dabs_deezer,Dabs,Deezer,14679,Non spécifié,https://cdn-images.dzcdn.net/images/artist/b238d65a8f89cfe16378d41cab8a1035/250x250-000000-80-0-0.jpg,https://www.deezer.com/artist/275677,2026-01-24 08:18:41
Clio_deezer,Clio,Deezer,14392,Non spécifié,https://cdn-images.dzcdn.net/images/artist/81d8f76af2ba44d022d6f98ca629d720/250x250-000000-80-0-0.jpg,https://www.deezer.com/artist/10154394,2026-01-24 08:18:41
Kiemsa_deezer,Kiemsa,Deezer,14290,Non spécifié,https://cdn-images.dzcdn.net/images/artist/eb476045d819b19dcca76abeefbf99ed/250x250-000000-80-0-0.jpg,https://www.deezer.com/artist/14277,2026-01-24 08:18:42
Sam Sauvage_deezer,Sam Sauvage,Deezer,14867,Non spécifié,https://cdn-images.dzcdn.net/images/artist/e6174443ceaec41d81335cd8b7b53d5c/250x250-000000-80-0-0.jpg,https://www.deezer.com/artist/101969182,2026-01-24 08:18:42
Ajar_deezer,Ajar,Deezer,13890,Non spécifié,https://cdn-images.dzcdn.net/images/artist/19db865c71284ea75c89caadb61b5ebc/250x250-000000-80-0-0.jpg,https://www.deezer.com/artist/3601941,2026-01-24 08:18:43
Dr. Yaro & La Folie_deezer,Dr. Yaro & La Folie,Deezer,13902,Non spécifié,https://cdn-images.dzcdn.net/images/artist/e814e6ea9694131fa50d40169f724111/250x250-000000-80-0-0.jpg,https://www.deezer.com/artist/53742712,2026-01-24 08:18:43
Ødyssey_deezer,Ødyssey,Deezer,13720,Non spécifié,https://cdn-images.dzcdn.net/images/artist/4c504965057eb865fb06a699306107b0/250x250-000000-80-0-0.jpg,https://www.deezer.com/artist/11488450,2026-01-24 08:18:44
St Graal_deezer,St Graal,Deezer,13793,Non spécifié,https://cdn-images.dzcdn.net/images/artist/6b8d9d3f2c325cfa53cc782b406199f5/250x250-000000-80-0-0.jpg,https://www.deezer.com/artist/13311053,2026-01-24 08:18:44
KDD_deezer,KDD,Deezer,13534,Non spécifié,https://cdn-images.dzcdn.net/images/artist/fbb7532aca3a91071561e8c8cadb2827/250x250-000000-80-0-0.jpg,https://www.deezer.com/artist/13733,2026-01-24 08:18:44
VALORANT_deezer,VALORANT,Deezer,13529,Non spécifié,https://cdn-images.dzcdn.net/images/artist/9c3ba79eed997c70979bc6edbdd518b5/250x250-000000-80-0-0.jpg,https://www.deezer.com/artist/136012742,2026-01-24 08:18:45
Fouzi Torino_deezer,Fouzi Torino,Deezer,12938,Non spécifié,https://cdn-images.dzcdn.net/images/artist/028a3b04a27686575a34b435eabe4b8d/250x250-000000-80-0-0.jpg,https://www.deezer.com/artist/7874592,2026-01-24 08:18:45
De Hofnar_deezer,De Hofnar,Deezer,12931,Non spécifié,https://cdn-images.dzcdn.net/images/artist/974b0184cd7e6f7b8cfd331cc1f6346e/250x250-000000-80-0-0.jpg,https://www.deezer.com/artist/5387928,2026-01-24 08:18:46
Poolside_deezer,Poolside,Deezer,12853,Non spécifié,https://cdn-images.dzcdn.net/images/artist/9efd3f157de0f238a08e01891c2fd383/250x250-000000-80-0-0.jpg,https://www.deezer.com/artist/1088905,2026-01-24 08:18:46
Antoine Elie_deezer,Antoine Elie,Deezer,12756,Non spécifié,https://cdn-images.dzcdn.net/images/artist/996e2e3839706c62d8bcb0da7c15076a/250x250-000000-80-0-0.jpg,https://www.deezer.com/artist/8681774,2026-01-24 08:18:47
Colt_deezer,Colt,Deezer,12851,Non spécifié,https://cdn-images.dzcdn.net/images/artist/4833aaec10fe2e28da50070bb77c8d31/250x250-000000-80-0-0.jpg,https://www.deezer.com/artist/507886,2026-01-24 08:18:47
Clou_deezer,Clou,Deezer,12490,Non spécifié,https://cdn-images.dzcdn.net/images/artist/f16448dd9ef8c8ef80f661252b123690/250x250-000000-80-0-0.jpg,https://www.deezer.com/artist/77163,2026-01-24 08:18:47
Jean Tonique_deezer,Jean Tonique,Deezer,12311,Non spécifié,https://cdn-images.dzcdn.net/images/artist/168a16848d693fcd0ce0b77aec391f60/250x250-000000-80-0-0.jpg,https://www.deezer.com/artist/1690810,2026-01-24 08:18:48
Сергей Трофимов_deezer,Сергей Трофимов,Deezer,11846,Non spécifié,https://cdn-images.dzcdn.net/images/artist/83f1cc17e20e70199b1d68cd83721fe3/250x250-000000-80-0-0.jpg,https://www.deezer.com/artist/4459137,2026-01-24 08:18:48
Laura Cahen_deezer,Laura Cahen,Deezer,11783,Non spécifié,https://cdn-images.dzcdn.net/images/artist/7b45a26bbe6bf96eae78a99232288631/250x250-000000-80-0-0.jpg,https://www.deezer.com/artist/1593750,2026-01-24 08:18:49
Léonie Pernet_deezer,Léonie Pernet,Deezer,11783,Non spécifié,https://cdn-images.dzcdn.net/images/artist/559ddc302bb74fbbe997de1b903651c7/250x250-000000-80-0-0.jpg,https://www.deezer.com/artist/5701960,2026-01-24 08:18:49
Diva Faune_deezer,Diva Faune,Deezer,11434,Non spécifié,https://cdn-images.dzcdn.net/images/artist/f42220c0b8f364a32f2591ff87c6fcaf/250x250-000000-80-0-0.jpg,https://www.deezer.com/artist/1611138,2026-01-24 08:18:50
Rouquine_deezer,Rouquine,Deezer,11486,Non spécifié,https://cdn-images.dzcdn.net/images/artist/7d0fc155b30dcb43c6c5085afaf45d6d/250x250-000000-80-0-0.jpg,https://www.deezer.com/artist/96110972,2026-01-24 08:18:50
Johnny Jane_deezer,Johnny Jane,Deezer,11458,Non spécifié,https://cdn-images.dzcdn.net/images/artist/87b3bea18408529950bc9eea097f733a/250x250-000000-80-0-0.jpg,https://www.deezer.com/artist/78200722,2026-01-24 08:18:51
Soge Culebra_deezer,Soge Culebra,Deezer,11349,Non spécifié,https://cdn-images.dzcdn.net/images/artist/3baec2e402cd3746e549b7f586ce5b75/250x250-000000-80-0-0.jpg,https://www.deezer.com/artist/9305278,2026-01-24 08:18:51
Low Deep T_deezer,Low Deep T,Deezer,10796,Non spécifié,https://cdn-images.dzcdn.net/images/artist/cfa77f78c4386acb3c105c6790b15aa0/250x250-000000-80-0-0.jpg,https://www.deezer.com/artist/1453262,2026-01-24 08:18:51
Naestro_deezer,Naestro,Deezer,10770,Non spécifié,https://cdn-images.dzcdn.net/images/artist/14ee32e2459b849b4306df7c5343ca64/250x250-000000-80-0-0.jpg,https://www.deezer.com/artist/14814377,2026-01-24 08:18:52
Coline Rio_deezer,Coline Rio,Deezer,10880,Non spécifié,https://cdn-images.dzcdn.net/images/artist/6e9cd4998092112e929ac094961d78a4/250x250-000000-80-0-0.jpg,https://www.deezer.com/artist/12231880,2026-01-24 08:18:52
Lulu Gainsbourg_deezer,Lulu Gainsbourg,Deezer,10585,Non spécifié,https://cdn-images.dzcdn.net/images/artist/43863de2867a999856e1600493f4c906/250x250-000000-80-0-0.jpg,https://www.deezer.com/artist/1376656,2026-01-24 08:18:53
Sage_deezer,Sage,Deezer,10278,Non spécifié,https://cdn-images.dzcdn.net/images/artist/c6277c1e4da56bc0a7561aaeb63c7984/250x250-000000-80-0-0.jpg,https://www.deezer.com/artist/345686,2026-01-24 08:18:53
Magenta Club_deezer,Magenta Club,Deezer,10170,Non spécifié,https://cdn-images.dzcdn.net/images/artist/b3e7ea07e3722ee48e1cad4eab417e53/250x250-000000-80-0-0.jpg,https://www.deezer.com/artist/75964992,2026-01-24 08:18:54
Malo'_deezer,Malo',Deezer,10066,Non spécifié,https://cdn-images.dzcdn.net/images/artist/fdea9381447fc62267e59aed0c185a0a/250x250-000000-80-0-0.jpg,https://www.deezer.com/artist/1428115,2026-01-24 08:18:54
