id,nom,fans,url_deezer,image_url,genre,source,score,categorie,date_collecte
8125697,Sisik,55781,https://www.deezer.com/artist/8125697,https://cdn-images.dzcdn.net/images/artist/2009c661203b1d7cf69e5c264a95ed59/250x250-000000-80-0-0.jpg,Afrobeat-Amapiano,Deezer,62.89,Prometteur,2026-01-12
170886747,Styleto,54454,https://www.deezer.com/artist/170886747,https://cdn-images.dzcdn.net/images/artist/33a37d44935d5414c97244a3ec80906e/250x250-000000-80-0-0.jpg,Pop,Deezer,62.23,Prometteur,2026-01-12
12131,Rose,54345,https://www.deezer.com/artist/12131,https://cdn-images.dzcdn.net/images/artist/89ab5723cc88639634f3283f766cf451/250x250-000000-80-0-0.jpg,Pop,Deezer,62.17,Prometteur,2026-01-12
14633713,AM La Scampia,45852,https://www.deezer.com/artist/14633713,https://cdn-images.dzcdn.net/images/artist/18166c9872222df7269e826a713bb76f/250x250-000000-80-0-0.jpg,Pop,Deezer,57.93,A Surveiller,2026-01-12
12086854,Maxence,42911,https://www.deezer.com/artist/12086854,https://cdn-images.dzcdn.net/images/artist/9c72455bbf9dc37faa2687d384841654/250x250-000000-80-0-0.jpg,Pop,Deezer,56.46,A Surveiller,2026-01-12
12049,Darius,41502,https://www.deezer.com/artist/12049,https://cdn-images.dzcdn.net/images/artist/7155e165635198a1d56b0ffb1dfbb109/250x250-000000-80-0-0.jpg,Indie-Alternative,Deezer,55.75,A Surveiller,2026-01-12
2398,Maze,41244,https://www.deezer.com/artist/2398,https://cdn-images.dzcdn.net/images/artist/c3287a6d80af4083c66a23ab2f46ccd0/250x250-000000-80-0-0.jpg,Pop,Deezer,55.62,A Surveiller,2026-01-12
13698817,Hervé,39053,https://www.deezer.com/artist/13698817,https://cdn-images.dzcdn.net/images/artist/9421a6d4a3e099feb47ca62afd45ac25/250x250-000000-80-0-0.jpg,Indie-Alternative,Deezer,54.53,A Surveiller,2026-01-12
72417252,Chicaille Argenté,38236,https://www.deezer.com/artist/72417252,https://cdn-images.dzcdn.net/images/artist/4bb644dbbfef990f0dc5be29200bd55f/250x250-000000-80-0-0.jpg,Pop,Deezer,54.12,A Surveiller,2026-01-12
72597562,Foufa Torino,34310,https://www.deezer.com/artist/72597562,https://cdn-images.dzcdn.net/images/artist/d035f4af9c808ab5b886fb8a5507aa28/250x250-000000-80-0-0.jpg,Pop,Deezer,52.16,A Surveiller,2026-01-12
71363652,Youka,32888,https://www.deezer.com/artist/71363652,https://cdn-images.dzcdn.net/images/artist/3d554c732dd0d99ce92b464e11cc96fe/250x250-000000-80-0-0.jpg,Afrobeat-Amapiano,Deezer,51.44,A Surveiller,2026-01-12
309680,Sam's,31945,https://www.deezer.com/artist/309680,https://cdn-images.dzcdn.net/images/artist/2b9eb32c25963db0c474be9424bb7d63/250x250-000000-80-0-0.jpg,Pop,Deezer,50.97,A Surveiller,2026-01-12
8557848,Kafon,31169,https://www.deezer.com/artist/8557848,https://cdn-images.dzcdn.net/images/artist/b82248d56080ca89d1411f4dde051f0f/250x250-000000-80-0-0.jpg,Pop,Deezer,50.58,A Surveiller,2026-01-12
12564376,Waxx,30835,https://www.deezer.com/artist/12564376,https://cdn-images.dzcdn.net/images/artist/dce6dd6b6e9b65693a21aa1773352e3e/250x250-000000-80-0-0.jpg,Country-Folk,Deezer,50.42,A Surveiller,2026-01-12
7639,Parabellum,30138,https://www.deezer.com/artist/7639,https://cdn-images.dzcdn.net/images/artist/fb57dd3abcf3f794c05e77b967980969/250x250-000000-80-0-0.jpg,Rock-Metal,Deezer,50.07,A Surveiller,2026-01-12
12796111,S-Pion,30035,https://www.deezer.com/artist/12796111,https://cdn-images.dzcdn.net/images/artist/36b1c0a81c04c8f8ead1b1508d9d080d/250x250-000000-80-0-0.jpg,Pop,Deezer,50.02,A Surveiller,2026-01-12
343829,Marie-Flore,29020,https://www.deezer.com/artist/343829,https://cdn-images.dzcdn.net/images/artist/81054752562054bfff4479b04188a41c/250x250-000000-80-0-0.jpg,Pop,Deezer,49.51,A Surveiller,2026-01-12
989667,Frànçois & The Atlas Mountains,28079,https://www.deezer.com/artist/989667,https://cdn-images.dzcdn.net/images/artist/fe0cc99516d2303c35ded71db3f29bcc/250x250-000000-80-0-0.jpg,Indie-Alternative,Deezer,49.04,A Surveiller,2026-01-12
8852364,Flora Fishbach,28045,https://www.deezer.com/artist/8852364,https://cdn-images.dzcdn.net/images/artist/3bdbaeddc5d8fe0eb2a2902bbf4ca403/250x250-000000-80-0-0.jpg,Indie-Alternative,Deezer,49.02,A Surveiller,2026-01-12
5376408,GAULOIS,27700,https://www.deezer.com/artist/5376408,https://cdn-images.dzcdn.net/images/artist/87baff74f3cff7bf4218017cc9bf317c/250x250-000000-80-0-0.jpg,Pop,Deezer,48.85,A Surveiller,2026-01-12
9026872,Didou Parisien,27629,https://www.deezer.com/artist/9026872,https://cdn-images.dzcdn.net/images/artist/51d5a6dd94cd79afa9797467239d1d43/250x250-000000-80-0-0.jpg,Pop,Deezer,48.81,A Surveiller,2026-01-12
136645872,No Limit,27341,https://www.deezer.com/artist/136645872,https://cdn-images.dzcdn.net/images/artist/919393e2e6ad08348f9cbd1323bdebd5/250x250-000000-80-0-0.jpg,Pop,Deezer,48.67,A Surveiller,2026-01-12
5098098,Adrian von Ziegler,27062,https://www.deezer.com/artist/5098098,https://cdn-images.dzcdn.net/images/artist/b0f830ffd5916d0eb51a95018e6dfc79/250x250-000000-80-0-0.jpg,Indie-Alternative,Deezer,48.53,A Surveiller,2026-01-12
128266712,Stéphane,26927,https://www.deezer.com/artist/128266712,https://cdn-images.dzcdn.net/images/artist/7cac303098c791b78e2a110e53efdde8/250x250-000000-80-0-0.jpg,Pop,Deezer,48.46,A Surveiller,2026-01-12
1607,La Phaze,26666,https://www.deezer.com/artist/1607,https://cdn-images.dzcdn.net/images/artist/24b8482a37b49632953ae4ba0008bfd4/250x250-000000-80-0-0.jpg,Rock-Metal,Deezer,48.33,A Surveiller,2026-01-12
67727,Kennedy,25414,https://www.deezer.com/artist/67727,https://cdn-images.dzcdn.net/images/artist/5b488d9d78ebdd88fd41ef093e982a41/250x250-000000-80-0-0.jpg,Pop,Deezer,47.71,A Surveiller,2026-01-12
96659,Philip,4869,https://www.deezer.com/artist/96659,https://cdn-images.dzcdn.net/images/artist/da288077927ab35f0ff4460c0e555ed8/250x250-000000-80-0-0.jpg,Pop,Deezer,47.43,A Surveiller,2026-01-12
65148802,Disco Lines,4792,https://www.deezer.com/artist/65148802,https://cdn-images.dzcdn.net/images/artist/8d07e4515ef235b97becd5c28d23ea75/250x250-000000-80-0-0.jpg,Pop,Deezer,47.4,A Surveiller,2026-01-12
504646,Le Bal des Enragés,4728,https://www.deezer.com/artist/504646,https://cdn-images.dzcdn.net/images/artist/f48d7446513c1383ff3a3ada70b66083/250x250-000000-80-0-0.jpg,Rock-Metal,Deezer,47.36,A Surveiller,2026-01-12
1669858,Shlømo,4721,https://www.deezer.com/artist/1669858,https://cdn-images.dzcdn.net/images/artist/0b77a09bc3263fffc95fac539007fb04/250x250-000000-80-0-0.jpg,Rock-Metal,Deezer,47.36,A Surveiller,2026-01-12
4153477,Ева Польна,4583,https://www.deezer.com/artist/4153477,https://cdn-images.dzcdn.net/images/artist/d8d50816d6417cd15101728b807539b9/250x250-000000-80-0-0.jpg,Indie-Alternative,Deezer,47.29,A Surveiller,2026-01-12
14310515,Terrenoire,24571,https://www.deezer.com/artist/14310515,https://cdn-images.dzcdn.net/images/artist/b68616030d9a5ebcd269e07a8c1eb4ab/250x250-000000-80-0-0.jpg,Country-Folk,Deezer,47.29,A Surveiller,2026-01-12
1446067,Robi,4512,https://www.deezer.com/artist/1446067,https://cdn-images.dzcdn.net/images/artist/3ccdf1df3dce694c0d6f0ae9c122f270/250x250-000000-80-0-0.jpg,Soul-Funk,Deezer,47.26,A Surveiller,2026-01-12
11701147,Moka Boka,4408,https://www.deezer.com/artist/11701147,https://cdn-images.dzcdn.net/images/artist/510de8a543626b23efb94a7d9ac0d976/250x250-000000-80-0-0.jpg,Rap-HipHop-RnB,Deezer,47.2,A Surveiller,2026-01-12
10267432,BLOWSOM,4395,https://www.deezer.com/artist/10267432,https://cdn-images.dzcdn.net/images/artist/f9fa2107af0d28ebfc6a319b26166940/250x250-000000-80-0-0.jpg,Pop,Deezer,47.2,A Surveiller,2026-01-12
81160,Richard Grey,4058,https://www.deezer.com/artist/81160,https://cdn-images.dzcdn.net/images/artist/4f504366e1106f1ba574e38e0baf4355/250x250-000000-80-0-0.jpg,Jazz,Deezer,47.03,A Surveiller,2026-01-12
256226,Diego Pallavas,3985,https://www.deezer.com/artist/256226,https://cdn-images.dzcdn.net/images/artist/626f4c03526c87753ee9d0a4cfeb41af/250x250-000000-80-0-0.jpg,Rock-Metal,Deezer,46.99,A Surveiller,2026-01-12
11066168,Anwar,3966,https://www.deezer.com/artist/11066168,https://cdn-images.dzcdn.net/images/artist/2129f67f86c219e167c48bcbf313b274/250x250-000000-80-0-0.jpg,Soul-Funk,Deezer,46.98,A Surveiller,2026-01-12
13641021,Saint DX,3791,https://www.deezer.com/artist/13641021,https://cdn-images.dzcdn.net/images/artist/24844df182c777f69f0ed70c386e3ed5/250x250-000000-80-0-0.jpg,Indie-Alternative,Deezer,46.9,A Surveiller,2026-01-12
14131735,Mathieu Des Longchamps,3775,https://www.deezer.com/artist/14131735,https://cdn-images.dzcdn.net/images/artist/971b82fa111d104844e9aeb5be05f162/250x250-000000-80-0-0.jpg,Country-Folk,Deezer,46.89,A Surveiller,2026-01-12
62082502,Sans Lactose,3741,https://www.deezer.com/artist/62082502,https://cdn-images.dzcdn.net/images/artist/462454e4c39e7b8e23c73af9c9b357e0/250x250-000000-80-0-0.jpg,Pop,Deezer,46.87,A Surveiller,2026-01-12
13311795,22 Longs Riffs,3715,https://www.deezer.com/artist/13311795,https://cdn-images.dzcdn.net/images/artist/ce9390b558a20e5b4791ae1065492ec7/250x250-000000-80-0-0.jpg,Rock-Metal,Deezer,46.86,A Surveiller,2026-01-12
56464392,Walls,3512,https://www.deezer.com/artist/56464392,https://cdn-images.dzcdn.net/images/artist/01eeca56bce632ec625653cc1d25c1ad/250x250-000000-80-0-0.jpg,Soul-Funk,Deezer,46.76,A Surveiller,2026-01-12
99225682,Adamé,3520,https://www.deezer.com/artist/99225682,https://cdn-images.dzcdn.net/images/artist/51210c7ae5f5681b1ef25eed10feecae/250x250-000000-80-0-0.jpg,Pop,Deezer,46.76,A Surveiller,2026-01-12
6901971,Zubi,3507,https://www.deezer.com/artist/6901971,https://cdn-images.dzcdn.net/images/artist/aa224a21adc0a789707ecf3775afe2a7/250x250-000000-80-0-0.jpg,Pop,Deezer,46.75,A Surveiller,2026-01-12
11831069,Kedym,3471,https://www.deezer.com/artist/11831069,https://cdn-images.dzcdn.net/images/artist/ad147a0352cb3e9cfdc46633107afa83/250x250-000000-80-0-0.jpg,Pop,Deezer,46.74,A Surveiller,2026-01-12
4456602,Alexia Gredy,3486,https://www.deezer.com/artist/4456602,https://cdn-images.dzcdn.net/images/artist/1121383f71567ba84634e7e3175b9eec/250x250-000000-80-0-0.jpg,Indie-Alternative,Deezer,46.74,A Surveiller,2026-01-12
74698,Balbino Medellin,3467,https://www.deezer.com/artist/74698,https://cdn-images.dzcdn.net/images/artist/60248fde7c299f44227b6a4e5f91d536/250x250-000000-80-0-0.jpg,Pop,Deezer,46.73,A Surveiller,2026-01-12
136951462,Annie Lalalove,3341,https://www.deezer.com/artist/136951462,https://cdn-images.dzcdn.net/images/artist/28051c92f249f021715a5182c9c938e2/250x250-000000-80-0-0.jpg,Soul-Funk,Deezer,46.67,A Surveiller,2026-01-12
1711511,Bolivard,3334,https://www.deezer.com/artist/1711511,https://cdn-images.dzcdn.net/images/artist/7ad1bfa620828ee7d9490dc71ed71616/250x250-000000-80-0-0.jpg,Indie-Alternative,Deezer,46.67,A Surveiller,2026-01-12
8582,Grandmaster Flash & The Furious Five,23253,https://www.deezer.com/artist/8582,https://cdn-images.dzcdn.net/images/artist/3dcb243cd2449f381f1569cb52e39618/250x250-000000-80-0-0.jpg,Jazz,Deezer,46.63,A Surveiller,2026-01-12
3267911,Cid,3245,https://www.deezer.com/artist/3267911,https://cdn-images.dzcdn.net/images/artist/7d69abee00745daf3b058363c2dc1c75/250x250-000000-80-0-0.jpg,Pop,Deezer,46.62,A Surveiller,2026-01-12
151908072,Walter Astral,3024,https://www.deezer.com/artist/151908072,https://cdn-images.dzcdn.net/images/artist/0e1b910bbcea7bb7b5d4097bb6d2cd2d/250x250-000000-80-0-0.jpg,Indie-Alternative,Deezer,46.51,A Surveiller,2026-01-12
340296,V13,2897,https://www.deezer.com/artist/340296,https://cdn-images.dzcdn.net/images/artist/147a6a57847c77f98fc2f0609e551c60/250x250-000000-80-0-0.jpg,Pop,Deezer,46.45,A Surveiller,2026-01-12
4995016,Wolkenfrei,2828,https://www.deezer.com/artist/4995016,https://cdn-images.dzcdn.net/images/artist/6860c8a2df18bf1fedc2d896af806cc0/250x250-000000-80-0-0.jpg,Indie-Alternative,Deezer,46.41,A Surveiller,2026-01-12
6066874,REYKO,2798,https://www.deezer.com/artist/6066874,https://cdn-images.dzcdn.net/images/artist/c88c23d88bfdaca62708c7693c8fb27f/250x250-000000-80-0-0.jpg,Jazz,Deezer,46.4,A Surveiller,2026-01-12
13486,Hifi,2734,https://www.deezer.com/artist/13486,https://cdn-images.dzcdn.net/images/artist/ce787c03302e6fb13cb9b0a73439eb81/250x250-000000-80-0-0.jpg,Pop,Deezer,46.37,A Surveiller,2026-01-12
4683064,JR O Crom,2734,https://www.deezer.com/artist/4683064,https://cdn-images.dzcdn.net/images/artist/afc7689de76ece6c42a98734bbc7dc22/250x250-000000-80-0-0.jpg,Pop,Deezer,46.37,A Surveiller,2026-01-12
158683422,Searows,2710,https://www.deezer.com/artist/158683422,https://cdn-images.dzcdn.net/images/artist/5a5f738fcd75e1176b9750ca8e28d8c9/250x250-000000-80-0-0.jpg,Rock-Metal,Deezer,46.36,A Surveiller,2026-01-12
14329801,Meimuna,2603,https://www.deezer.com/artist/14329801,https://cdn-images.dzcdn.net/images/artist/ae9c8697d03bae9c0b1fb7e06a10b1a8/250x250-000000-80-0-0.jpg,Country-Folk,Deezer,46.3,A Surveiller,2026-01-12
71238,Bouga,2492,https://www.deezer.com/artist/71238,https://cdn-images.dzcdn.net/images/artist/d07fe316f2e40e7e408462e520810dca/250x250-000000-80-0-0.jpg,Pop,Deezer,46.25,A Surveiller,2026-01-12
175066527,Lancelot,2445,https://www.deezer.com/artist/175066527,https://cdn-images.dzcdn.net/images/artist/57d51cc7dbfc84726f7eb5dec7fbe55f/250x250-000000-80-0-0.jpg,Pop,Deezer,46.22,A Surveiller,2026-01-12
4018754,Labess,22245,https://www.deezer.com/artist/4018754,https://cdn-images.dzcdn.net/images/artist/d141b4330fbbb18cf01466e28a7b0c11/250x250-000000-80-0-0.jpg,Pop,Deezer,46.12,A Surveiller,2026-01-12
551,Spooks,2231,https://www.deezer.com/artist/551,https://cdn-images.dzcdn.net/images/artist/5483c7ae476720a79d16b141831be0d0/250x250-000000-80-0-0.jpg,Pop,Deezer,46.12,A Surveiller,2026-01-12
5285689,Gorillaz featuring De La Soul,2215,https://www.deezer.com/artist/5285689,https://cdn-images.dzcdn.net/images/artist//250x250-000000-80-0-0.jpg,Rock-Metal,Deezer,46.11,A Surveiller,2026-01-12
391466,Albany,2194,https://www.deezer.com/artist/391466,https://cdn-images.dzcdn.net/images/artist/75388355d1e070da5bfdd74273d17c61/250x250-000000-80-0-0.jpg,Soul-Funk,Deezer,46.1,A Surveiller,2026-01-12
5438687,Sault,22177,https://www.deezer.com/artist/5438687,https://cdn-images.dzcdn.net/images/artist/3c29a05982d7c9c476c45e2259421dce/250x250-000000-80-0-0.jpg,Rock-Metal,Deezer,46.09,A Surveiller,2026-01-12
72209,Tout Simplement Noir,2121,https://www.deezer.com/artist/72209,https://cdn-images.dzcdn.net/images/artist/d17fc307ecca5dfa0b8870ef567e33e7/250x250-000000-80-0-0.jpg,Pop,Deezer,46.06,A Surveiller,2026-01-12
9483070,Dina Ayada,2096,https://www.deezer.com/artist/9483070,https://cdn-images.dzcdn.net/images/artist/3ae15925cbe409261d2d301aeb9f8441/250x250-000000-80-0-0.jpg,Rock-Metal,Deezer,46.05,A Surveiller,2026-01-12
5927653,MaMaMa,2036,https://www.deezer.com/artist/5927653,https://cdn-images.dzcdn.net/images/artist/aa9eab1615890f2f2f55c8523dc31bd0/250x250-000000-80-0-0.jpg,Soul-Funk,Deezer,46.02,A Surveiller,2026-01-12
557542,Luar,1968,https://www.deezer.com/artist/557542,https://cdn-images.dzcdn.net/images/artist/97ddd05c31e39b82da591dce0cf19b56/250x250-000000-80-0-0.jpg,Pop,Deezer,45.98,A Surveiller,2026-01-12
79131832,Ralphie Choo,1937,https://www.deezer.com/artist/79131832,https://cdn-images.dzcdn.net/images/artist/63e44a21466eb789c8edc8f45036c278/250x250-000000-80-0-0.jpg,Rock-Metal,Deezer,45.97,A Surveiller,2026-01-12
1400835,Squadra,21924,https://www.deezer.com/artist/1400835,https://cdn-images.dzcdn.net/images/artist/1bc55a1c21de3e8d46f29505f64a96a2/250x250-000000-80-0-0.jpg,Pop,Deezer,45.96,A Surveiller,2026-01-12
122001252,Harley,1893,https://www.deezer.com/artist/122001252,https://cdn-images.dzcdn.net/images/artist/cb3d38eb59b614f2ba7391d317e81b53/250x250-000000-80-0-0.jpg,Afrobeat-Amapiano,Deezer,45.95,A Surveiller,2026-01-12
154864891,Lilian Barbe,1809,https://www.deezer.com/artist/154864891,https://cdn-images.dzcdn.net/images/artist/bde2da2ff255743f04a55fc681bbb04c/250x250-000000-80-0-0.jpg,Pop,Deezer,45.9,A Surveiller,2026-01-12
91132672,ILIONA,21804,https://www.deezer.com/artist/91132672,https://cdn-images.dzcdn.net/images/artist/83d1ea604102175273b0bde1fc48682a/250x250-000000-80-0-0.jpg,Pop,Deezer,45.9,A Surveiller,2026-01-12
5280541,Sako (Chiens de Paille),1751,https://www.deezer.com/artist/5280541,https://cdn-images.dzcdn.net/images/artist/279680cebaccbdb5c6cad07b93f9c601/250x250-000000-80-0-0.jpg,Pop,Deezer,45.88,A Surveiller,2026-01-12
341448,Cheik Abderrahmane Soudaiss,1702,https://www.deezer.com/artist/341448,https://cdn-images.dzcdn.net/images/artist/610fad5cf2f91508134203f0fe1a0b1e/250x250-000000-80-0-0.jpg,Pop,Deezer,45.85,A Surveiller,2026-01-12
13636759,Noé Preszow,21708,https://www.deezer.com/artist/13636759,https://cdn-images.dzcdn.net/images/artist/727c21c7ce9aca3adb6ffdef45547fd6/250x250-000000-80-0-0.jpg,Country-Folk,Deezer,45.85,A Surveiller,2026-01-12
260417,Alex Mills,1647,https://www.deezer.com/artist/260417,https://cdn-images.dzcdn.net/images/artist/e186f762526aaae5e5297e74ff6cf78c/250x250-000000-80-0-0.jpg,Rock-Metal,Deezer,45.82,A Surveiller,2026-01-12
4856051,2zer,21590,https://www.deezer.com/artist/4856051,https://cdn-images.dzcdn.net/images/artist/234e598c01fe7e2b603ce396e56a7b6a/250x250-000000-80-0-0.jpg,Rap-HipHop-RnB,Deezer,45.8,A Surveiller,2026-01-12
6607334,HEDIA,1472,https://www.deezer.com/artist/6607334,https://cdn-images.dzcdn.net/images/artist/a025e9624cd19913cb58422669d7528d/250x250-000000-80-0-0.jpg,Jazz,Deezer,45.74,A Surveiller,2026-01-12
4822547,Dimitri Rougeul,1461,https://www.deezer.com/artist/4822547,https://cdn-images.dzcdn.net/images/artist/16b6d0673af44ba92b46a06d8ba5c46a/250x250-000000-80-0-0.jpg,Pop,Deezer,45.73,A Surveiller,2026-01-12
7294142,KCIDY,1440,https://www.deezer.com/artist/7294142,https://cdn-images.dzcdn.net/images/artist/8e6a6df5b15b4e8ad3d9a37b8ee5e0cf/250x250-000000-80-0-0.jpg,Soul-Funk,Deezer,45.72,A Surveiller,2026-01-12
285927,Index,1281,https://www.deezer.com/artist/285927,https://cdn-images.dzcdn.net/images/artist/69a0a9dc790fc285262c088d30959d1c/250x250-000000-80-0-0.jpg,Pop,Deezer,45.64,A Surveiller,2026-01-12
1702852,Polocorp,1250,https://www.deezer.com/artist/1702852,https://cdn-images.dzcdn.net/images/artist//250x250-000000-80-0-0.jpg,Indie-Alternative,Deezer,45.62,A Surveiller,2026-01-12
149011,MBS,1232,https://www.deezer.com/artist/149011,https://cdn-images.dzcdn.net/images/artist/c76219620058bc860f143c73d3c29a1f/250x250-000000-80-0-0.jpg,Pop,Deezer,45.62,A Surveiller,2026-01-12
160336492,DO not DO,1159,https://www.deezer.com/artist/160336492,https://cdn-images.dzcdn.net/images/artist/cccd317cf14c4c356a948286bcf6c7e5/250x250-000000-80-0-0.jpg,Pop,Deezer,45.58,A Surveiller,2026-01-12
10098026,Huko,1159,https://www.deezer.com/artist/10098026,https://cdn-images.dzcdn.net/images/artist/c80fe4c0d205ffd1270b4d1fc3cd0cf7/250x250-000000-80-0-0.jpg,Jazz,Deezer,45.58,A Surveiller,2026-01-12
11539775,Nerlov,1096,https://www.deezer.com/artist/11539775,https://cdn-images.dzcdn.net/images/artist/9aa9b9f38dbc54f2c13d3435972c4726/250x250-000000-80-0-0.jpg,Soul-Funk,Deezer,45.55,A Surveiller,2026-01-12
129700,Réciprok,1067,https://www.deezer.com/artist/129700,https://cdn-images.dzcdn.net/images/artist/33e07830e979a3c7110a6da5487502b5/250x250-000000-80-0-0.jpg,Pop,Deezer,45.53,A Surveiller,2026-01-12
89649,Sixième Sens,1062,https://www.deezer.com/artist/89649,https://cdn-images.dzcdn.net/images/artist/ee3ac159f13aef29555d6151868224f9/250x250-000000-80-0-0.jpg,Pop,Deezer,45.53,A Surveiller,2026-01-12
66705142,Nina Battisti,1027,https://www.deezer.com/artist/66705142,https://cdn-images.dzcdn.net/images/artist/fdf0b1ae33be828de8540d831cc58971/250x250-000000-80-0-0.jpg,Pop,Deezer,45.51,A Surveiller,2026-01-12
8673994,Palm Trees,1006,https://www.deezer.com/artist/8673994,https://cdn-images.dzcdn.net/images/artist/cb234a2488c6a0a9307bcc7ba7f6778e/250x250-000000-80-0-0.jpg,Jazz,Deezer,45.5,A Surveiller,2026-01-12
13994675,Miel De Montagne,20675,https://www.deezer.com/artist/13994675,https://cdn-images.dzcdn.net/images/artist/5c2978a2279069c3e71435ef1fbb3192/250x250-000000-80-0-0.jpg,Indie-Alternative,Deezer,45.34,A Surveiller,2026-01-12
5973802,Kazy Lambist,20287,https://www.deezer.com/artist/5973802,https://cdn-images.dzcdn.net/images/artist/0c8ba604d75d0a2586569844ff28b5af/250x250-000000-80-0-0.jpg,Indie-Alternative,Deezer,45.14,A Surveiller,2026-01-12
2938511,Romare,19861,https://www.deezer.com/artist/2938511,https://cdn-images.dzcdn.net/images/artist/185992d1aa3ca003a901f29053089ab3/250x250-000000-80-0-0.jpg,Indie-Alternative,Deezer,44.93,A Surveiller,2026-01-12
2251,Le 3ème Œil,19843,https://www.deezer.com/artist/2251,https://cdn-images.dzcdn.net/images/artist/ce253a4daa7f12032321f87fd922cdf3/250x250-000000-80-0-0.jpg,Pop,Deezer,44.92,A Surveiller,2026-01-12
408682,Ouss & Riane,9678,https://www.deezer.com/artist/408682,https://cdn-images.dzcdn.net/images/artist/1b6957ed0a2e15f78d6316b5483701ed/250x250-000000-80-0-0.jpg,Pop,Deezer,44.84,A Surveiller,2026-01-12
13719509,Tchiggy,9655,https://www.deezer.com/artist/13719509,https://cdn-images.dzcdn.net/images/artist/bcd6ddef2bf3229e3210a86b69cbf34d/250x250-000000-80-0-0.jpg,Pop,Deezer,44.83,A Surveiller,2026-01-12
11273910,Léa Paci,19651,https://www.deezer.com/artist/11273910,https://cdn-images.dzcdn.net/images/artist/7b0ba0e0b3daf25d70b72018c5b7269f/250x250-000000-80-0-0.jpg,Pop,Deezer,44.83,A Surveiller,2026-01-12
13942111,Tony Ann,19597,https://www.deezer.com/artist/13942111,https://cdn-images.dzcdn.net/images/artist/42fc880543c7be5a565ec24921e23c27/250x250-000000-80-0-0.jpg,Rock-Metal,Deezer,44.8,A Surveiller,2026-01-12
9958710,Srno,19527,https://www.deezer.com/artist/9958710,https://cdn-images.dzcdn.net/images/artist/8c05736b543e91c21ed2b08a492d4bcb/250x250-000000-80-0-0.jpg,Pop,Deezer,44.76,A Surveiller,2026-01-12
273905,Snooky Pryor,9315,https://www.deezer.com/artist/273905,https://cdn-images.dzcdn.net/images/artist/190490f354344b2b50974ecb09b601a2/250x250-000000-80-0-0.jpg,Reggaeton-Latin,Deezer,44.66,A Surveiller,2026-01-12
205298,Nakk Mendosa,19076,https://www.deezer.com/artist/205298,https://cdn-images.dzcdn.net/images/artist/13e29651c9f0d8e8d7625ee44bb5b0f2/250x250-000000-80-0-0.jpg,Pop,Deezer,44.54,A Surveiller,2026-01-12
124952,Jalal El Hamdaoui,9010,https://www.deezer.com/artist/124952,https://cdn-images.dzcdn.net/images/artist/f864399be6f8c1a958138e0f6e915d1f/250x250-000000-80-0-0.jpg,Pop,Deezer,44.5,A Surveiller,2026-01-12
163940587,Mattyeux,8862,https://www.deezer.com/artist/163940587,https://cdn-images.dzcdn.net/images/artist/5bacbaa1f10290b564a4bd44fffc9a22/250x250-000000-80-0-0.jpg,Pop,Deezer,44.43,A Surveiller,2026-01-12
95560,Leck,18775,https://www.deezer.com/artist/95560,https://cdn-images.dzcdn.net/images/artist/5dffc29d1c0ea50ab79435429d752b9e/250x250-000000-80-0-0.jpg,Pop,Deezer,44.39,A Surveiller,2026-01-12
342163,Le réparateur,8761,https://www.deezer.com/artist/342163,https://cdn-images.dzcdn.net/images/artist/a3aca31dbd0c33bab33135017569d918/250x250-000000-80-0-0.jpg,Rock-Metal,Deezer,44.38,A Surveiller,2026-01-12
299044,Generationals,8705,https://www.deezer.com/artist/299044,https://cdn-images.dzcdn.net/images/artist/eebf362cf03c25f5b2cedcc77b03a9b0/250x250-000000-80-0-0.jpg,Indie-Alternative,Deezer,44.35,A Surveiller,2026-01-12
7210378,Emma Bale,8408,https://www.deezer.com/artist/7210378,https://cdn-images.dzcdn.net/images/artist/2961b3702c8460f496f8d8be2d0e0cd8/250x250-000000-80-0-0.jpg,Jazz,Deezer,44.2,A Surveiller,2026-01-12
67907232,Dry Cleaning,8221,https://www.deezer.com/artist/67907232,https://cdn-images.dzcdn.net/images/artist/d03e45accf583003465a04d5e26d76e0/250x250-000000-80-0-0.jpg,Rock-Metal,Deezer,44.11,A Surveiller,2026-01-12
5564,Gaelle,8228,https://www.deezer.com/artist/5564,https://cdn-images.dzcdn.net/images/artist/42b519519acbed3bca3090d573deb385/250x250-000000-80-0-0.jpg,Afrobeat-Amapiano,Deezer,44.11,A Surveiller,2026-01-12
13217707,chien noir,8096,https://www.deezer.com/artist/13217707,https://cdn-images.dzcdn.net/images/artist/acfe2b67bc68e435294ca85ff740aac9/250x250-000000-80-0-0.jpg,Country-Folk,Deezer,44.05,A Surveiller,2026-01-12
5145267,FRENSHIP,8007,https://www.deezer.com/artist/5145267,https://cdn-images.dzcdn.net/images/artist/a0a6907702cda57f64b14b3c7814857c/250x250-000000-80-0-0.jpg,Jazz,Deezer,44.0,A Surveiller,2026-01-12
6579627,The Doug,7967,https://www.deezer.com/artist/6579627,https://cdn-images.dzcdn.net/images/artist/f5d8331a4e950576334651c6e57aaae8/250x250-000000-80-0-0.jpg,Pop,Deezer,43.98,A Surveiller,2026-01-12
70986422,Mariah the Scientist,17944,https://www.deezer.com/artist/70986422,https://cdn-images.dzcdn.net/images/artist/7be479b620847a317463f2b1ec9a3ff0/250x250-000000-80-0-0.jpg,Pop,Deezer,43.97,A Surveiller,2026-01-12
4328434,Hollydays,7921,https://www.deezer.com/artist/4328434,https://cdn-images.dzcdn.net/images/artist/7bbd5604e602a9eacb263245ee325f3e/250x250-000000-80-0-0.jpg,Indie-Alternative,Deezer,43.96,A Surveiller,2026-01-12
13909493,P.R2B,7907,https://www.deezer.com/artist/13909493,https://cdn-images.dzcdn.net/images/artist/33ffd46d10f1dcac9e273807eb85ff46/250x250-000000-80-0-0.jpg,Indie-Alternative,Deezer,43.95,A Surveiller,2026-01-12
5641260,Typh Barrow,7700,https://www.deezer.com/artist/5641260,https://cdn-images.dzcdn.net/images/artist/b10663428c3ee8104de0417062648fce/250x250-000000-80-0-0.jpg,Soul-Funk,Deezer,43.85,A Surveiller,2026-01-12
1670514,Justin(e),7661,https://www.deezer.com/artist/1670514,https://cdn-images.dzcdn.net/images/artist/85ec537964c35e19f10a80203f469825/250x250-000000-80-0-0.jpg,Rock-Metal,Deezer,43.83,A Surveiller,2026-01-12
69076,Zesau,7586,https://www.deezer.com/artist/69076,https://cdn-images.dzcdn.net/images/artist/4c2c86ef5d6e04fd8d83d5ea7e048a82/250x250-000000-80-0-0.jpg,Pop,Deezer,43.79,A Surveiller,2026-01-12
2215,Koma,7580,https://www.deezer.com/artist/2215,https://cdn-images.dzcdn.net/images/artist/584adcb63943b9296843f62473328cc0/250x250-000000-80-0-0.jpg,Pop,Deezer,43.79,A Surveiller,2026-01-12
10017,Dombrance,7470,https://www.deezer.com/artist/10017,https://cdn-images.dzcdn.net/images/artist/ca440a1a2ad8a9c06c2b3fb5b34544b2/250x250-000000-80-0-0.jpg,Indie-Alternative,Deezer,43.73,A Surveiller,2026-01-12
5435777,Zélie,17311,https://www.deezer.com/artist/5435777,https://cdn-images.dzcdn.net/images/artist/a58c9a4701bd6ae11b244b805e6013c5/250x250-000000-80-0-0.jpg,Pop,Deezer,43.66,A Surveiller,2026-01-12
445220,Jimmy Whoo,7297,https://www.deezer.com/artist/445220,https://cdn-images.dzcdn.net/images/artist/ec4b3a65cbe1a6ff38bcb0218d212895/250x250-000000-80-0-0.jpg,Indie-Alternative,Deezer,43.65,A Surveiller,2026-01-12
6760749,Camel Power Club,7171,https://www.deezer.com/artist/6760749,https://cdn-images.dzcdn.net/images/artist/f88bdfab133e3f87e106da6ae011935a/250x250-000000-80-0-0.jpg,Indie-Alternative,Deezer,43.59,A Surveiller,2026-01-12
10339096,Pi Ja Ma,7152,https://www.deezer.com/artist/10339096,https://cdn-images.dzcdn.net/images/artist/56e90c9c30247e647e7514c71ecc4318/250x250-000000-80-0-0.jpg,Indie-Alternative,Deezer,43.58,A Surveiller,2026-01-12
56048,Cheba Maria,7018,https://www.deezer.com/artist/56048,https://cdn-images.dzcdn.net/images/artist/b12d945f81f65992f482074fb2d7e116/250x250-000000-80-0-0.jpg,Pop,Deezer,43.51,A Surveiller,2026-01-12
395967,Parmalee,7017,https://www.deezer.com/artist/395967,https://cdn-images.dzcdn.net/images/artist/245eedf5ea0357a19616656e9813614d/250x250-000000-80-0-0.jpg,Pop,Deezer,43.51,A Surveiller,2026-01-12
288658,Cate Le Bon,6890,https://www.deezer.com/artist/288658,https://cdn-images.dzcdn.net/images/artist/0cfe913b2401bb8f424e69f8aedb7c39/250x250-000000-80-0-0.jpg,Rock-Metal,Deezer,43.45,A Surveiller,2026-01-12
8973774,Ravyn Lenae,16871,https://www.deezer.com/artist/8973774,https://cdn-images.dzcdn.net/images/artist/4d50b0c9141ab20606f9bca27f5f83c7/250x250-000000-80-0-0.jpg,Pop,Deezer,43.44,A Surveiller,2026-01-12
5841997,LE NOISEUR,6831,https://www.deezer.com/artist/5841997,https://cdn-images.dzcdn.net/images/artist/a01720b82e7a642aeb2a7742aaccc2da/250x250-000000-80-0-0.jpg,Indie-Alternative,Deezer,43.42,A Surveiller,2026-01-12
4346644,Cween,6771,https://www.deezer.com/artist/4346644,https://cdn-images.dzcdn.net/images/artist/6c94772a88c3bbc9b367ed8b47ed6bf8/250x250-000000-80-0-0.jpg,Pop,Deezer,43.39,A Surveiller,2026-01-12
164049927,Zaoui,16747,https://www.deezer.com/artist/164049927,https://cdn-images.dzcdn.net/images/artist/02bddad93f0c24966861e6213de4461d/250x250-000000-80-0-0.jpg,Pop,Deezer,43.37,A Surveiller,2026-01-12
5433412,Amel Zen,6733,https://www.deezer.com/artist/5433412,https://cdn-images.dzcdn.net/images/artist/c87ece17d763e842f80e049fc5acc6bb/250x250-000000-80-0-0.jpg,Jazz,Deezer,43.37,A Surveiller,2026-01-12
1196685,Poom,6733,https://www.deezer.com/artist/1196685,https://cdn-images.dzcdn.net/images/artist/57e2c4bfae53a8530706389f2f7ec90e/250x250-000000-80-0-0.jpg,Indie-Alternative,Deezer,43.37,A Surveiller,2026-01-12
89094,Nakk,16662,https://www.deezer.com/artist/89094,https://cdn-images.dzcdn.net/images/artist/403310b890c82fa2b6930550e3c445c7/250x250-000000-80-0-0.jpg,Pop,Deezer,43.33,A Surveiller,2026-01-12
80440,Escobar Macson,6593,https://www.deezer.com/artist/80440,https://cdn-images.dzcdn.net/images/artist/8c70d8acb41299b2e3c93d993dae28d7/250x250-000000-80-0-0.jpg,Pop,Deezer,43.3,A Surveiller,2026-01-12
4429709,Adrien Gallo,16479,https://www.deezer.com/artist/4429709,https://cdn-images.dzcdn.net/images/artist/de6ffd749cd0c7a266fae22c8f2a81f8/250x250-000000-80-0-0.jpg,Soul-Funk,Deezer,43.24,A Surveiller,2026-01-12
507710,Charlene Soraia,6413,https://www.deezer.com/artist/507710,https://cdn-images.dzcdn.net/images/artist/30ed9dc69d4b24c9464158be8a6df4b0/250x250-000000-80-0-0.jpg,Rock-Metal,Deezer,43.21,A Surveiller,2026-01-12
192002,Darcy,6206,https://www.deezer.com/artist/192002,https://cdn-images.dzcdn.net/images/artist/b1d0f6f79ae1a726a3d5f2b53da3a212/250x250-000000-80-0-0.jpg,Rock-Metal,Deezer,43.1,A Surveiller,2026-01-12
1243273,Adil El Miloudi,6131,https://www.deezer.com/artist/1243273,https://cdn-images.dzcdn.net/images/artist/79da1a5ee4e099a42090a682df8bea03/250x250-000000-80-0-0.jpg,Pop,Deezer,43.07,A Surveiller,2026-01-12
16801,La Clinique,6139,https://www.deezer.com/artist/16801,https://cdn-images.dzcdn.net/images/artist/4405835dd63eb5960ce6663fbceb5a04/250x250-000000-80-0-0.jpg,Pop,Deezer,43.07,A Surveiller,2026-01-12
50577082,220 KID,6097,https://www.deezer.com/artist/50577082,https://cdn-images.dzcdn.net/images/artist/e746f58c3a6e25a738b50f13551dd1e2/250x250-000000-80-0-0.jpg,Rock-Metal,Deezer,43.05,A Surveiller,2026-01-12
156385,Solano,6009,https://www.deezer.com/artist/156385,https://cdn-images.dzcdn.net/images/artist/c531cd2ae3988e1d79daff0e0b9e737f/250x250-000000-80-0-0.jpg,Jazz,Deezer,43.0,A Surveiller,2026-01-12
5852263,Lubiana,15938,https://www.deezer.com/artist/5852263,https://cdn-images.dzcdn.net/images/artist/07a46963fc82424a5e781f95fe8bffcf/250x250-000000-80-0-0.jpg,Soul-Funk,Deezer,42.97,A Surveiller,2026-01-12
101621,Reda City 16,5903,https://www.deezer.com/artist/101621,https://cdn-images.dzcdn.net/images/artist/d61dc70523891ceb15fbdb5e46e1414a/250x250-000000-80-0-0.jpg,Pop,Deezer,42.95,A Surveiller,2026-01-12
10493231,Master Sina,15909,https://www.deezer.com/artist/10493231,https://cdn-images.dzcdn.net/images/artist/b84e24374607d1e2f407589f45703779/250x250-000000-80-0-0.jpg,Pop,Deezer,42.95,A Surveiller,2026-01-12
371669,Tony Romera,15854,https://www.deezer.com/artist/371669,https://cdn-images.dzcdn.net/images/artist/a09e76f5786d49b451007c605c22ad66/250x250-000000-80-0-0.jpg,Rock-Metal,Deezer,42.93,A Surveiller,2026-01-12
808276,Rai,5764,https://www.deezer.com/artist/808276,https://cdn-images.dzcdn.net/images/artist/d695d1137fa8127e6721892eb615041b/250x250-000000-80-0-0.jpg,Pop,Deezer,42.88,A Surveiller,2026-01-12
14547813,Rusowsky,5678,https://www.deezer.com/artist/14547813,https://cdn-images.dzcdn.net/images/artist/7415fc22f7b047f0081910d7f9121b8e/250x250-000000-80-0-0.jpg,Soul-Funk,Deezer,42.84,A Surveiller,2026-01-12
5957408,Fixpen Sill,15649,https://www.deezer.com/artist/5957408,https://cdn-images.dzcdn.net/images/artist/b9235b104fa4e0416094e896575fe325/250x250-000000-80-0-0.jpg,Rap-HipHop-RnB,Deezer,42.82,A Surveiller,2026-01-12
5439694,Laurie Darmon,15628,https://www.deezer.com/artist/5439694,https://cdn-images.dzcdn.net/images/artist/2df40e0a12ee3cdda21ebc1759e108f7/250x250-000000-80-0-0.jpg,Pop,Deezer,42.81,A Surveiller,2026-01-12
388718,Sheikh Abdul Basset Abdel Samad,5566,https://www.deezer.com/artist/388718,https://cdn-images.dzcdn.net/images/artist/661ac6517198c9fdd0eb414d89bb628d/250x250-000000-80-0-0.jpg,Pop,Deezer,42.78,A Surveiller,2026-01-12
102608,ALP,5550,https://www.deezer.com/artist/102608,https://cdn-images.dzcdn.net/images/artist/9cee6908ee2accce107965f660690807/250x250-000000-80-0-0.jpg,Pop,Deezer,42.77,A Surveiller,2026-01-12
7077683,Bleu Toucan,5527,https://www.deezer.com/artist/7077683,https://cdn-images.dzcdn.net/images/artist/fe05b7cfd389fc6e7acfc557852c3aec/250x250-000000-80-0-0.jpg,Indie-Alternative,Deezer,42.76,A Surveiller,2026-01-12
80978422,Janie,15497,https://www.deezer.com/artist/80978422,https://cdn-images.dzcdn.net/images/artist/a59900fdd9cc7829e09d9ef8cc42c227/250x250-000000-80-0-0.jpg,Pop,Deezer,42.75,A Surveiller,2026-01-12
7457468,Sen Senra,5497,https://www.deezer.com/artist/7457468,https://cdn-images.dzcdn.net/images/artist/9373dfbe5b0b59c2ff6e61b62d93d852/250x250-000000-80-0-0.jpg,Soul-Funk,Deezer,42.75,A Surveiller,2026-01-12
6469465,Max Styler,5388,https://www.deezer.com/artist/6469465,https://cdn-images.dzcdn.net/images/artist/eb050be68c88feb90e8aa975c7aad42f/250x250-000000-80-0-0.jpg,Rock-Metal,Deezer,42.69,A Surveiller,2026-01-12
275677,Dabs,14635,https://www.deezer.com/artist/275677,https://cdn-images.dzcdn.net/images/artist/b238d65a8f89cfe16378d41cab8a1035/250x250-000000-80-0-0.jpg,Pop,Deezer,42.32,A Surveiller,2026-01-12
10154394,Clio,14298,https://www.deezer.com/artist/10154394,https://cdn-images.dzcdn.net/images/artist/81d8f76af2ba44d022d6f98ca629d720/250x250-000000-80-0-0.jpg,Indie-Alternative,Deezer,42.15,A Surveiller,2026-01-12
14277,Kiemsa,14268,https://www.deezer.com/artist/14277,https://cdn-images.dzcdn.net/images/artist/eb476045d819b19dcca76abeefbf99ed/250x250-000000-80-0-0.jpg,Rock-Metal,Deezer,42.13,A Surveiller,2026-01-12
101969182,Sam Sauvage,14213,https://www.deezer.com/artist/101969182,https://cdn-images.dzcdn.net/images/artist/e6174443ceaec41d81335cd8b7b53d5c/250x250-000000-80-0-0.jpg,Pop,Deezer,42.11,A Surveiller,2026-01-12
3601941,Ajar,13824,https://www.deezer.com/artist/3601941,https://cdn-images.dzcdn.net/images/artist/19db865c71284ea75c89caadb61b5ebc/250x250-000000-80-0-0.jpg,Pop,Deezer,41.91,A Surveiller,2026-01-12
53742712,Dr. Yaro & La Folie,13827,https://www.deezer.com/artist/53742712,https://cdn-images.dzcdn.net/images/artist/e814e6ea9694131fa50d40169f724111/250x250-000000-80-0-0.jpg,Afrobeat-Amapiano,Deezer,41.91,A Surveiller,2026-01-12
11488450,Ødyssey,13715,https://www.deezer.com/artist/11488450,https://cdn-images.dzcdn.net/images/artist/4c504965057eb865fb06a699306107b0/250x250-000000-80-0-0.jpg,Jazz,Deezer,41.86,A Surveiller,2026-01-12
13311053,St Graal,13507,https://www.deezer.com/artist/13311053,https://cdn-images.dzcdn.net/images/artist/6b8d9d3f2c325cfa53cc782b406199f5/250x250-000000-80-0-0.jpg,Pop,Deezer,41.75,A Surveiller,2026-01-12
13733,KDD,13471,https://www.deezer.com/artist/13733,https://cdn-images.dzcdn.net/images/artist/fbb7532aca3a91071561e8c8cadb2827/250x250-000000-80-0-0.jpg,Pop,Deezer,41.74,A Surveiller,2026-01-12
136012742,VALORANT,13342,https://www.deezer.com/artist/136012742,https://cdn-images.dzcdn.net/images/artist/9c3ba79eed997c70979bc6edbdd518b5/250x250-000000-80-0-0.jpg,Rock-Metal,Deezer,41.67,A Surveiller,2026-01-12
7874592,Fouzi Torino,12920,https://www.deezer.com/artist/7874592,https://cdn-images.dzcdn.net/images/artist/94bfcde8b93dff71ef73891d5e28e8d6/250x250-000000-80-0-0.jpg,Pop,Deezer,41.46,A Surveiller,2026-01-12
5387928,De Hofnar,12923,https://www.deezer.com/artist/5387928,https://cdn-images.dzcdn.net/images/artist/974b0184cd7e6f7b8cfd331cc1f6346e/250x250-000000-80-0-0.jpg,Pop,Deezer,41.46,A Surveiller,2026-01-12
1088905,Poolside,12783,https://www.deezer.com/artist/1088905,https://cdn-images.dzcdn.net/images/artist/9efd3f157de0f238a08e01891c2fd383/250x250-000000-80-0-0.jpg,Indie-Alternative,Deezer,41.39,A Surveiller,2026-01-12
8681774,Antoine Elie,12726,https://www.deezer.com/artist/8681774,https://cdn-images.dzcdn.net/images/artist/996e2e3839706c62d8bcb0da7c15076a/250x250-000000-80-0-0.jpg,Pop,Deezer,41.36,A Surveiller,2026-01-12
507886,Colt,12657,https://www.deezer.com/artist/507886,https://cdn-images.dzcdn.net/images/artist/4833aaec10fe2e28da50070bb77c8d31/250x250-000000-80-0-0.jpg,Pop,Deezer,41.33,A Surveiller,2026-01-12
77163,Clou,12420,https://www.deezer.com/artist/77163,https://cdn-images.dzcdn.net/images/artist/f16448dd9ef8c8ef80f661252b123690/250x250-000000-80-0-0.jpg,Country-Folk,Deezer,41.21,A Surveiller,2026-01-12
1690810,Jean Tonique,12272,https://www.deezer.com/artist/1690810,https://cdn-images.dzcdn.net/images/artist/168a16848d693fcd0ce0b77aec391f60/250x250-000000-80-0-0.jpg,Indie-Alternative,Deezer,41.14,A Surveiller,2026-01-12
4459137,Сергей Трофимов,11843,https://www.deezer.com/artist/4459137,https://cdn-images.dzcdn.net/images/artist/83f1cc17e20e70199b1d68cd83721fe3/250x250-000000-80-0-0.jpg,Indie-Alternative,Deezer,40.92,A Surveiller,2026-01-12
1593750,Laura Cahen,11720,https://www.deezer.com/artist/1593750,https://cdn-images.dzcdn.net/images/artist/7b45a26bbe6bf96eae78a99232288631/250x250-000000-80-0-0.jpg,Indie-Alternative,Deezer,40.86,A Surveiller,2026-01-12
5701960,Léonie Pernet,11666,https://www.deezer.com/artist/5701960,https://cdn-images.dzcdn.net/images/artist/559ddc302bb74fbbe997de1b903651c7/250x250-000000-80-0-0.jpg,Soul-Funk,Deezer,40.83,A Surveiller,2026-01-12
1611138,Diva Faune,11404,https://www.deezer.com/artist/1611138,https://cdn-images.dzcdn.net/images/artist/f42220c0b8f364a32f2591ff87c6fcaf/250x250-000000-80-0-0.jpg,Soul-Funk,Deezer,40.7,A Surveiller,2026-01-12
96110972,Rouquine,11406,https://www.deezer.com/artist/96110972,https://cdn-images.dzcdn.net/images/artist/7d0fc155b30dcb43c6c5085afaf45d6d/250x250-000000-80-0-0.jpg,Country-Folk,Deezer,40.7,A Surveiller,2026-01-12
78200722,Johnny Jane,11339,https://www.deezer.com/artist/78200722,https://cdn-images.dzcdn.net/images/artist/87b3bea18408529950bc9eea097f733a/250x250-000000-80-0-0.jpg,Pop,Deezer,40.67,A Surveiller,2026-01-12
9305278,Soge Culebra,11342,https://www.deezer.com/artist/9305278,https://cdn-images.dzcdn.net/images/artist/3baec2e402cd3746e549b7f586ce5b75/250x250-000000-80-0-0.jpg,Soul-Funk,Deezer,40.67,A Surveiller,2026-01-12
1453262,Low Deep T,10792,https://www.deezer.com/artist/1453262,https://cdn-images.dzcdn.net/images/artist/41f3570138fc5e2a3629dc1546169cf9/250x250-000000-80-0-0.jpg,Pop,Deezer,40.4,A Surveiller,2026-01-12
14814377,Naestro,10733,https://www.deezer.com/artist/14814377,https://cdn-images.dzcdn.net/images/artist/14ee32e2459b849b4306df7c5343ca64/250x250-000000-80-0-0.jpg,Pop,Deezer,40.37,A Surveiller,2026-01-12
12231880,Coline Rio,10701,https://www.deezer.com/artist/12231880,https://cdn-images.dzcdn.net/images/artist/6e9cd4998092112e929ac094961d78a4/250x250-000000-80-0-0.jpg,Country-Folk,Deezer,40.35,A Surveiller,2026-01-12
1376656,Lulu Gainsbourg,10572,https://www.deezer.com/artist/1376656,https://cdn-images.dzcdn.net/images/artist/43863de2867a999856e1600493f4c906/250x250-000000-80-0-0.jpg,Jazz,Deezer,40.29,A Surveiller,2026-01-12
345686,Sage,10252,https://www.deezer.com/artist/345686,https://cdn-images.dzcdn.net/images/artist/c6277c1e4da56bc0a7561aaeb63c7984/250x250-000000-80-0-0.jpg,Jazz,Deezer,40.13,A Surveiller,2026-01-12
75964992,Magenta Club,10137,https://www.deezer.com/artist/75964992,https://cdn-images.dzcdn.net/images/artist/b3e7ea07e3722ee48e1cad4eab417e53/250x250-000000-80-0-0.jpg,Indie-Alternative,Deezer,40.07,A Surveiller,2026-01-12
1428115,Malo',10023,https://www.deezer.com/artist/1428115,https://cdn-images.dzcdn.net/images/artist/fdea9381447fc62267e59aed0c185a0a/250x250-000000-80-0-0.jpg,Soul-Funk,Deezer,40.01,A Surveiller,2026-01-12
