id_unique,nom,source,followers,popularity,genre,image_url,url_spotify,date_collecte
Limsa d'Aulnay_spotify,Limsa d'Aulnay,Spotify,56865,58,french rap,https://i.scdn.co/image/ab6761610000e5eb687e7c0f175574de1861973c,https://open.spotify.com/artist/7l6m2BySHwnjJuw22SXwh5,2026-01-27 08:19:07
Julia Minkin_spotify,Julia Minkin,Spotify,6052,55,french indie pop,https://i.scdn.co/image/ab6761610000e5eb41e195b3772e9349adadd14d,https://open.spotify.com/artist/63fbQTZ9yW3SUsBRYcn1Wm,2026-01-27 08:19:08
TR3NACRIA_spotify,TR3NACRIA,Spotify,5373,50,afro house,https://i.scdn.co/image/ab6761610000e5eb17f8739b3d07a28cfda82971,https://open.spotify.com/artist/1gFiEIH4TiLrNeoq7rktTH,2026-01-27 08:19:08
kulturr_spotify,kulturr,Spotify,49594,58,"french r&b, pop urbaine",https://i.scdn.co/image/ab6761610000e5eba88f7d3cc726f6677f2a8181,https://open.spotify.com/artist/2yTwZyGRSRDUjZNsLvIOW4,2026-01-27 08:19:09
Natoxie_spotify,Natoxie,Spotify,60236,53,"shatta, kompa, zouk",https://i.scdn.co/image/ab6761610000e5ebc3507b8210cbf205b0fa293d,https://open.spotify.com/artist/1Wqloe5S1i29Ff7YiWg0x5,2026-01-27 08:19:09
Méne_spotify,Méne,Spotify,59869,52,"latin r&b, latin indie",https://i.scdn.co/image/ab6761610000e5eb1bed9b72c5ca5f5c8f4a6951,https://open.spotify.com/artist/5r3DSRaJz8ckIw4XPH9Whd,2026-01-27 08:19:09
marguerite_spotify,marguerite,Spotify,50671,55,"french pop, variété française",https://i.scdn.co/image/ab6761610000e5eb511a95b6f675ad0adfc3bddf,https://open.spotify.com/artist/4jF2P66DtNEficnixuIhKQ,2026-01-27 08:19:10
Rousnam_spotify,Rousnam,Spotify,50126,56,french rap,https://i.scdn.co/image/ab6761610000e5eb06e55f1eb7c5949238e0b6b9,https://open.spotify.com/artist/2swYfXhkzkb8s8djG6UjSm,2026-01-27 08:19:10
FRENCHGRL_spotify,FRENCHGRL,Spotify,5125,50,Non spécifié,https://i.scdn.co/image/ab6761610000e5ebd6b6a174cf708e9fc041f713,https://open.spotify.com/artist/06eMSN9Y5cS7EZX6nnkxpC,2026-01-27 08:19:11
ZZ_spotify,ZZ,Spotify,27463,60,french rap,https://i.scdn.co/image/ab6761610000e5eb36650aef9a8a6777cb226562,https://open.spotify.com/artist/51loVlVgRomkJwd04A6B1e,2026-01-27 08:19:11
Ashvma_spotify,Ashvma,Spotify,10876,58,Non spécifié,https://i.scdn.co/image/ab6761610000e5eb97280ddefcdf4c54c8123ee7,https://open.spotify.com/artist/46fYppQRc2dAeDAMnrVb6R,2026-01-27 08:19:12
Mikado_spotify,Mikado,Spotify,31434,58,"shatta, zouk, kompa",https://i.scdn.co/image/ab6761610000e5ebed3965fb287e581a5ffd5e2a,https://open.spotify.com/artist/41Csk4RHbXp1jnMN4NWwOE,2026-01-27 08:19:12
Yoa_spotify,Yoa,Spotify,46006,54,"french pop, french indie pop",https://i.scdn.co/image/ab6761610000e5eb7164567ab7c16ee4e07238ca,https://open.spotify.com/artist/7d1ctWXfrUvAe804Zld3Gy,2026-01-27 08:19:12
Rambo goyard_spotify,Rambo goyard,Spotify,12294,62,french rap,https://i.scdn.co/image/ab6761610000e5eba8f8fb67081f190e66a14ef7,https://open.spotify.com/artist/0RRp1XbMoTmW8zSWC1synA,2026-01-27 08:19:13
1T1_spotify,1T1,Spotify,52022,52,"shatta, soca, kompa",https://i.scdn.co/image/ab6761610000e5eb2cfcca9a3b3dc0f14dd4b22a,https://open.spotify.com/artist/29DEO5ubNTmLbFSEZDP2we,2026-01-27 08:19:13
Lushe_spotify,Lushe,Spotify,34846,57,french rap,https://i.scdn.co/image/ab6761610000e5ebb94b665a0b5b47618bcff3f4,https://open.spotify.com/artist/5zCMyo4rRc63lqoXLKIcgv,2026-01-27 08:19:14
Bendo_spotify,Bendo,Spotify,5586,48,french rap,https://i.scdn.co/image/ab6761610000e5eb65df7d1372720a15902b915c,https://open.spotify.com/artist/2VDWsiOnCzMSnxfinUYJkH,2026-01-27 08:19:14
HMZ_spotify,HMZ,Spotify,32885,55,french rap,https://i.scdn.co/image/ab6761610000e5eb801d992ee8cacaed07412b9d,https://open.spotify.com/artist/6pg4S5KTCPiEBp0rSWsaI6,2026-01-27 08:19:14
Léman_spotify,Léman,Spotify,59475,48,"french pop, variété française, chanson",https://i.scdn.co/image/ab6761610000e5ebdbdb4d7090f7869713fff1a4,https://open.spotify.com/artist/2EnOL1ADehfBQB03ELa3QQ,2026-01-27 08:19:15
TRZ_spotify,TRZ,Spotify,35284,53,"french rap, shatta",https://i.scdn.co/image/ab6761610000e5eb99d26392d8f7454d31c9b6b8,https://open.spotify.com/artist/7cLUwy0R7N8q1YSjHYZdrU,2026-01-27 08:19:15
2 Mètres_spotify,2 Mètres,Spotify,16894,58,french rap,https://i.scdn.co/image/ab6761610000e5eb71574b9dcdc35a2f6c8c9578,https://open.spotify.com/artist/3WUHUmukg1hiSrVCfCoSbF,2026-01-27 08:19:15
Danyl_spotify,Danyl,Spotify,39995,57,french rap,https://i.scdn.co/image/ab6761610000e5eba0429d93819c94c509eac490,https://open.spotify.com/artist/5Hq9W3lm1N9KRCf35RBMab,2026-01-27 08:19:16
DL91 Era_spotify,DL91 Era,Spotify,18136,57,"desi hip hop, hindi hip hop",https://i.scdn.co/image/ab6761610000e5ebef0b0a24b4754e838f07ee71,https://open.spotify.com/artist/3mWqCmX0xuzBJN648XSBrE,2026-01-27 08:19:16
Thisizlondon_spotify,Thisizlondon,Spotify,9854,54,"latin afrobeats, afrobeats, afrobeat",https://i.scdn.co/image/ab6761610000e5eb70fba59b62b3f083fc7468b0,https://open.spotify.com/artist/30SVAanrbFS6o0cIVDZ9ta,2026-01-27 08:19:17
Styleto_spotify,Styleto,Spotify,54263,48,"french pop, variété française",https://i.scdn.co/image/ab6761610000e5ebfb6ddfd62bb4eeeabe41977b,https://open.spotify.com/artist/4vbZKiwmvbbW6onily9SJ5,2026-01-27 08:19:17
Missan_spotify,Missan,Spotify,38302,55,french rap,https://i.scdn.co/image/ab6761610000e5eb2edb1a9675ccfc4d661e2c08,https://open.spotify.com/artist/5bpoMhoeJ19sJSuELfgWMk,2026-01-27 08:19:18
XVI_spotify,XVI,Spotify,3633,44,Non spécifié,https://i.scdn.co/image/ab6761610000e5eb11806d96f5bf957b1ae35d5c,https://open.spotify.com/artist/0utiBmutysHdb0zXFCLMT2,2026-01-27 08:19:18
Lerizzle_spotify,Lerizzle,Spotify,3045,46,german hip hop,https://i.scdn.co/image/ab6761610000e5ebe7c3f23362631d7bef029e04,https://open.spotify.com/artist/1h9kOJqZoCwgSbokQw6GsU,2026-01-27 08:19:18
Ino Casablanca_spotify,Ino Casablanca,Spotify,31475,55,french rap,https://i.scdn.co/image/ab6761610000e5eb9fc6a7e6e4b6e0c63401be2a,https://open.spotify.com/artist/5blvB6N3OACeH0gJL9BRqf,2026-01-27 08:19:19
S2_spotify,S2,Spotify,18519,56,french rap,https://i.scdn.co/image/ab6761610000e5eb65e0d14bd3e4ca4c134759a9,https://open.spotify.com/artist/60HWrpmSefhtMWCkghazzG,2026-01-27 08:19:19
Mack H.D_spotify,Mack H.D,Spotify,21712,56,"afrobeats, afrobeat, afro r&b",https://i.scdn.co/image/ab6761610000e5eb1d092b7af46121ba29d2c76b,https://open.spotify.com/artist/0IUp0l21VlpoOz8525KfAJ,2026-01-27 08:19:20
Jungle Jack_spotify,Jungle Jack,Spotify,37967,53,french rap,https://i.scdn.co/image/ab6761610000e5ebee435ebbdd7b1f33b3d656fb,https://open.spotify.com/artist/36HOtWiV4nn0luNGSn2xAT,2026-01-27 08:19:20
MPL_spotify,MPL,Spotify,47834,51,"french pop, french indie pop, variété française",https://i.scdn.co/image/ab6761610000e5eb3b043e49065a2cf68e76c0cc,https://open.spotify.com/artist/7pcG7za39JaUHalwqiuCt9,2026-01-27 08:19:20
WIXO & LA2S_spotify,WIXO & LA2S,Spotify,34729,56,french rap,https://i.scdn.co/image/ab6761610000e5ebc9bb882e1240850ce794e9f2,https://open.spotify.com/artist/0VWHKHfSFwUhP0cuvVUfRN,2026-01-27 08:19:21
63OG_spotify,63OG,Spotify,33203,54,french rap,https://i.scdn.co/image/ab6761610000e5ebbff8b62dd4354c96d4599583,https://open.spotify.com/artist/1wRx48q25O8HPDTyNOUQ2k,2026-01-27 08:19:21
Killa Predator_spotify,Killa Predator,Spotify,2865,43,Non spécifié,https://i.scdn.co/image/ab6761610000e5eb18bec624155717f6cfa77350,https://open.spotify.com/artist/2jxihp917o7WCCEN3xZXww,2026-01-27 08:19:21
Bobbyezz_spotify,Bobbyezz,Spotify,35883,55,german hip hop,https://i.scdn.co/image/ab6761610000e5ebeefb4d37e96874ef1fa7e8d0,https://open.spotify.com/artist/5hV6TRKQwmvIWKTlsob1z8,2026-01-27 08:19:22
KGS_spotify,KGS,Spotify,1673,44,"shatta, kizomba",https://i.scdn.co/image/ab6761610000e5ebf208e96a029a7eff537d4ffa,https://open.spotify.com/artist/5Iib8YFyekylXZIqcVT1Qk,2026-01-27 08:19:23
Huntrill_spotify,Huntrill,Spotify,23959,56,french rap,https://i.scdn.co/image/ab6761610000e5eb38bf2ceb8caee8f86ad541e0,https://open.spotify.com/artist/1Nm9adUt6D5iuhRgirlgF2,2026-01-27 08:19:23
Prod. 94_spotify,Prod. 94,Spotify,8463,51,Non spécifié,https://i.scdn.co/image/ab6761610000e5eb9e3d9f0864cbe0d2b07648a4,https://open.spotify.com/artist/76aDH2U2OFw00wOWvhK6pk,2026-01-27 08:19:23
Vanou_spotify,Vanou,Spotify,1077,45,"shatta, dancehall",https://i.scdn.co/image/ab6761610000e5ebcea26835aaa5520dbb549630,https://open.spotify.com/artist/5bRjVnu5q4ySUkVYifxtGE,2026-01-27 08:19:24
DVM_spotify,DVM,Spotify,44123,50,french rap,https://i.scdn.co/image/ab6761610000e5eb6024982995f9f80c1b3b57a4,https://open.spotify.com/artist/6Tzkt668w24f7uHLTiq6tr,2026-01-27 08:19:24
Lisa Pariente_spotify,Lisa Pariente,Spotify,40400,52,"french pop, variété française",https://i.scdn.co/image/ab6761610000e5eb7f55ee81e8fa219dca028a82,https://open.spotify.com/artist/2D15WFlWJuCeEGC1LGss6X,2026-01-27 08:19:25
Lagui_spotify,Lagui,Spotify,9007,50,Non spécifié,https://i.scdn.co/image/ab6761610000e5ebd18ed8e3137beb4234c9d65f,https://open.spotify.com/artist/3TP2Ucsow6rW1s24aq9gb4,2026-01-27 08:19:25
Lille Saus_spotify,Lille Saus,Spotify,1953,44,"russelåter, epadunk",https://i.scdn.co/image/ab6761610000e5eb6201975cdce5d4e2f458eb9a,https://open.spotify.com/artist/15saPvefLxxtw3nvTOCUg0,2026-01-27 08:19:25
Seth Sad_spotify,Seth Sad,Spotify,55266,46,Non spécifié,https://i.scdn.co/image/ab6761610000e5eb954e01e97510c56f42f55e34,https://open.spotify.com/artist/4yDo1iZ02sOpLsh1oGAAg9,2026-01-27 08:19:26
Solda_spotify,Solda,Spotify,10191,52,french rap,https://i.scdn.co/image/ab67616d0000b27305a6f7c1af5093823ddf9ffc,https://open.spotify.com/artist/7FXX45sHqoQoCwqtG0ZV8H,2026-01-27 08:19:26
La Plaie_spotify,La Plaie,Spotify,38218,51,french rap,https://i.scdn.co/image/ab6761610000e5eb350a93404f43aa9b76f49e90,https://open.spotify.com/artist/2ktXCualVDXC8h7jNOuyoQ,2026-01-27 08:19:27
Sheu_spotify,Sheu,Spotify,45235,49,french rap,https://i.scdn.co/image/ab6761610000e5eb39c504dc096290b43fe85292,https://open.spotify.com/artist/2NtvkyG03ApOKPBj3TcQRt,2026-01-27 08:19:27
Eloïz_spotify,Eloïz,Spotify,39687,50,"french pop, variété française, chanson",https://i.scdn.co/image/ab6761610000e5eb0112ac8770ab64fac00ed6ed,https://open.spotify.com/artist/1J7b2Snol73xTmYILnCk1t,2026-01-27 08:19:27
Poupie_spotify,Poupie,Spotify,52212,46,"french pop, variété française, pop urbaine",https://i.scdn.co/image/ab6761610000e5ebe412047e64d37139421bef8b,https://open.spotify.com/artist/71x0OO2toFjXrMRcufL9tv,2026-01-27 08:19:28
Marlo_spotify,Marlo,Spotify,1992,43,french rap,https://i.scdn.co/image/ab6761610000e5ebf5739ca98b1a6ccd330278f4,https://open.spotify.com/artist/1ESz23V2EMNGK2WhuAsTN9,2026-01-27 08:19:28
Jose Garcia_spotify,Jose Garcia,Spotify,1929,43,Non spécifié,https://i.scdn.co/image/ab6761610000e5ebb34969987b202f53ac4b399a,https://open.spotify.com/artist/0jezfHhTNUwE6PwIC0IdXD,2026-01-27 08:19:29
Boumidjal X_spotify,Boumidjal X,Spotify,1897,41,Non spécifié,https://i.scdn.co/image/ab6761610000e5eb39d0820ba70982019c6d3c4c,https://open.spotify.com/artist/3i2AdhSP4YeSYY1m5JoUnK,2026-01-27 08:19:29
Sokuu_spotify,Sokuu,Spotify,51764,46,Non spécifié,https://i.scdn.co/image/ab6761610000e5eb1c4ecb6ab077ed31a14aa922,https://open.spotify.com/artist/0et1mZYLCSVBIBUY94B8Xn,2026-01-27 08:19:29
Vayn_spotify,Vayn,Spotify,6580,47,french rap,https://i.scdn.co/image/ab6761610000e5eb9997cadfa3459a48379bc632,https://open.spotify.com/artist/41CySalxZ2GST1n69SqsZ1,2026-01-27 08:19:30
Ryflo_spotify,Ryflo,Spotify,24148,53,french rap,https://i.scdn.co/image/ab6761610000e5ebb948ee3850187ecd8e141ae4,https://open.spotify.com/artist/4acowSAiQXmdhs4DCgUQ0U,2026-01-27 08:19:30
Waxx_spotify,Waxx,Spotify,37774,50,Non spécifié,https://i.scdn.co/image/ab6761610000e5eb18739e1a279d27f9dc4cfb14,https://open.spotify.com/artist/1sJDvsoQ9X10dibPnSSlsV,2026-01-27 08:19:31
Lenaïg_spotify,Lenaïg,Spotify,35086,51,"french pop, chanson",https://i.scdn.co/image/ab6761610000e5ebc348943d32397ff5e3db60d9,https://open.spotify.com/artist/7LBRgobZF7IvkSKljcuGDb,2026-01-27 08:19:31
Fhin_spotify,Fhin,Spotify,47568,47,french indie pop,https://i.scdn.co/image/ab6761610000e5eb743b94b62a0aab9d8a686281,https://open.spotify.com/artist/5bvwbAyrx6Yk8oLHqOnJ9p,2026-01-27 08:19:32
Tazeboy_spotify,Tazeboy,Spotify,46609,48,"rap ivoire, coupé décalé, ndombolo",https://i.scdn.co/image/ab6761610000e5eb1c23df18a7428c5b786c70b9,https://open.spotify.com/artist/1AmK5toq2JV8BT9tCkDFAa,2026-01-27 08:19:32
Kamelon Officiel_spotify,Kamelon Officiel,Spotify,13378,51,shatta,https://i.scdn.co/image/ab6761610000e5ebd61028ce6a197a39fd8b9dbe,https://open.spotify.com/artist/0k3C7u1fCchhNMHbcBy9xN,2026-01-27 08:19:32
ESTL_spotify,ESTL,Spotify,40065,48,Non spécifié,https://i.scdn.co/image/ab6761610000e5eb22cfa02b94a3108c7078494e,https://open.spotify.com/artist/06iezeOUHGb86SaoYTyexg,2026-01-27 08:19:33
Jamso_spotify,Jamso,Spotify,13744,51,french rap,https://i.scdn.co/image/ab6761610000e5ebe3ddf4dd992fc61ea6753587,https://open.spotify.com/artist/42ATKPvmj81n9JDOunFpqr,2026-01-27 08:19:33
Zaka Lavista_spotify,Zaka Lavista,Spotify,1567,41,Non spécifié,https://i.scdn.co/image/ab6761610000e5eb9e410773717eab19ded5f490,https://open.spotify.com/artist/3ZrvguSuVvHrFwbu9lFVe6,2026-01-27 08:19:34
THÉA_spotify,THÉA,Spotify,34832,50,hyperpop,https://i.scdn.co/image/ab6761610000e5eb866b62d3d713cb4511599e9f,https://open.spotify.com/artist/6GGkEuZHoNpJsKYNZml2gL,2026-01-27 08:19:34
Lybro_spotify,Lybro,Spotify,41864,48,"shatta, french rap",https://i.scdn.co/image/ab6761610000e5eb573c398dee1fd2318466bbc2,https://open.spotify.com/artist/3uiTnIx5N6ZWAPkPb8GFC9,2026-01-27 08:19:34
Gaëlle_spotify,Gaëlle,Spotify,47681,46,"kompa, zouk, shatta",https://i.scdn.co/image/ab6761610000e5eb2a08a2e5313bd991b936738d,https://open.spotify.com/artist/1uN3byO6WUB2dSDg6XpsEw,2026-01-27 08:19:35
Metah_spotify,Metah,Spotify,22009,52,french rap,https://i.scdn.co/image/ab6761610000e5ebb227d8d465a1fd613102e965,https://open.spotify.com/artist/0Dr1nbwa1KW5wHYUCsrnAF,2026-01-27 08:19:35
2zg_spotify,2zg,Spotify,28762,51,french rap,https://i.scdn.co/image/ab6761610000e5eb289e89ad6095be185de4ca3c,https://open.spotify.com/artist/362uHPHfDmbmnXTy3w8ro4,2026-01-27 08:19:36
PZK_spotify,PZK,Spotify,46993,46,Non spécifié,https://i.scdn.co/image/ab6761610000e5eb560420ae3ef7d179a84a1ab6,https://open.spotify.com/artist/4ii7OZHtY3E4ndPm1MFMSR,2026-01-27 08:19:36
Konieur_spotify,Konieur,Spotify,20653,53,french rap,https://i.scdn.co/image/ab6761610000e5ebba582f7c5ca7233d2f50a586,https://open.spotify.com/artist/3OFleM2K9wTLzf0wry6He3,2026-01-27 08:19:36
Clara Ysé_spotify,Clara Ysé,Spotify,49902,45,"chanson, french pop, variété française",https://i.scdn.co/image/ab6761610000e5ebb702d2be075be87c3c7178f0,https://open.spotify.com/artist/5resnspF60fUdkKmQHn8em,2026-01-27 08:19:37
Zélie_spotify,Zélie,Spotify,43053,48,"french pop, french indie pop",https://i.scdn.co/image/ab6761610000e5eb3fbdc42549d8a9af1cb6f7a6,https://open.spotify.com/artist/0TGeOStDbxqVi8UJdBQsEx,2026-01-27 08:19:37
Vernis Rouge_spotify,Vernis Rouge,Spotify,35072,49,french pop,https://i.scdn.co/image/ab6761610000e5eb6707dda29387b59f8a05dbbf,https://open.spotify.com/artist/6Miu2EYSCD74K7VzDYostC,2026-01-27 08:19:38
Elle Valenci_spotify,Elle Valenci,Spotify,24573,51,Non spécifié,https://i.scdn.co/image/ab6761610000e5eb70720668b150ae80b73ac778,https://open.spotify.com/artist/3glvSAS5Z6057HM9ov0HOt,2026-01-27 08:19:38
RDN_spotify,RDN,Spotify,15425,51,french rap,https://i.scdn.co/image/ab6761610000e5eb3420c2c27bb051131976609d,https://open.spotify.com/artist/4rKMthZmMbSiMdow1f1rBE,2026-01-27 08:19:38
RDR_spotify,RDR,Spotify,4699,41,french rap,https://i.scdn.co/image/ab6761610000e5eb28ea868e03d0c54166315444,https://open.spotify.com/artist/2K8TwF85tEXePefdOxPZTW,2026-01-27 08:19:39
TVLM_spotify,TVLM,Spotify,18054,51,french rap,https://i.scdn.co/image/ab6761610000e5eb581eb8efbfb3b1f6d2393e4d,https://open.spotify.com/artist/6LNDkL0VeHXi0fMuefWS1w,2026-01-27 08:19:39
Bianca Costa_spotify,Bianca Costa,Spotify,32241,50,Non spécifié,https://i.scdn.co/image/ab6761610000e5eb0efadb1416d542a36766a1d8,https://open.spotify.com/artist/1DcL22xdIWcdNa4ZHaXZjT,2026-01-27 08:19:40
Amaury_spotify,Amaury,Spotify,1335,40,"french pop, french indie pop",https://i.scdn.co/image/ab6761610000e5ebf44a76cd41ffae336047977a,https://open.spotify.com/artist/0C0OTAymY2bmqgYZ0WZCJI,2026-01-27 08:19:40
Shayne_spotify,Shayne,Spotify,28739,47,french rap,https://i.scdn.co/image/ab6761610000e5eb72a4c604ef3d67dd954dd6cd,https://open.spotify.com/artist/1DX6FDD9VMN2eJCmeFVbHi,2026-01-27 08:19:41
Noé Preszow_spotify,Noé Preszow,Spotify,35832,47,"french pop, variété française, chanson",https://i.scdn.co/image/ab6761610000e5ebb990e19bd9389c8e3bc4777d,https://open.spotify.com/artist/6CZhbpXpR3VJNQWFkwd2Ic,2026-01-27 08:19:41
Almas_spotify,Almas,Spotify,3950,38,italian trap,https://i.scdn.co/image/ab6761610000e5eb4ed004280089547b2c80bde3,https://open.spotify.com/artist/0M81CoQJFvfJH9BNnJvbQl,2026-01-27 08:19:41
Tatiana Eva-Marie_spotify,Tatiana Eva-Marie,Spotify,49187,43,"french jazz, swing music",https://i.scdn.co/image/ab6761610000e5eb2053d886904d5ed92749bcba,https://open.spotify.com/artist/3Nmm3IacxsC92dEP0kWL3z,2026-01-27 08:19:42
Wamen_spotify,Wamen,Spotify,49893,43,french r&b,https://i.scdn.co/image/ab6761610000e5eb2f83173b97f8e828e3afc48c,https://open.spotify.com/artist/3IrNp8pf0ugwmIEiGJCRse,2026-01-27 08:19:42
La Maîtrise de Saint Marc - LES CHORISTES_spotify,La Maîtrise de Saint Marc - LES CHORISTES,Spotify,13239,50,Non spécifié,https://i.scdn.co/image/ab6761610000e5eb660a03ee288d8ed85561532d,https://open.spotify.com/artist/026nk210FPO26xMwpoew70,2026-01-27 08:19:43
MANARËM_spotify,MANARËM,Spotify,14698,49,Non spécifié,https://i.scdn.co/image/ab6761610000e5eb4e144c7403f93336665858f1,https://open.spotify.com/artist/5BQdp2NlYGiwVgnCJB3gyX,2026-01-27 08:19:43
Neaj_spotify,Neaj,Spotify,2457,37,"rap ivoire, afrobeats, kompa",https://i.scdn.co/image/ab6761610000e5eb9b825290aa7baa4584aca85a,https://open.spotify.com/artist/0eFmnuvX7ZDCsnOesNifzb,2026-01-27 08:19:43
Maks_spotify,Maks,Spotify,14837,48,french rap,https://i.scdn.co/image/ab6761610000e5eb65c2777891ddf492737a99dc,https://open.spotify.com/artist/27y3Ud8v0SrHGx0uOYN34z,2026-01-27 08:19:44
Le D_spotify,Le D,Spotify,7663,45,"shatta, coupé décalé, rap ivoire",https://i.scdn.co/image/ab6761610000e5eb4aca18083b86329dbdf8b21c,https://open.spotify.com/artist/1q3qfgcLt7dhYNdWLEXgkX,2026-01-27 08:19:44
Arèndi_spotify,Arèndi,Spotify,1925,36,"shatta, zouk, kompa",https://i.scdn.co/image/ab6761610000e5eb4a6f8e794fb8a55a19195dbc,https://open.spotify.com/artist/7H3zHwjR1Wdxk6JVWV2a6c,2026-01-27 08:19:45
Tigre d'Eau Douce_spotify,Tigre d'Eau Douce,Spotify,4854,41,Non spécifié,https://i.scdn.co/image/ab67616d0000b2736b5ae962903762aea414b355,https://open.spotify.com/artist/2J0cbdwUlJkBYkQYIDDU5k,2026-01-27 08:19:45
DAYSY_spotify,DAYSY,Spotify,9198,49,"french pop, variété française",https://i.scdn.co/image/ab6761610000e5eb21cbe4f29c68eac9a3e1865b,https://open.spotify.com/artist/6vorHF3qW6vODkQP51kGlk,2026-01-27 08:19:45
Lijay_spotify,Lijay,Spotify,9011,46,"shatta, dancehall, kompa",https://i.scdn.co/image/ab6761610000e5ebe5b0c4e0b90963083015d0b9,https://open.spotify.com/artist/0fEd76ZuO65826Q6ilZIuO,2026-01-27 08:19:46
ZABUZA_spotify,ZABUZA,Spotify,11330,47,french rap,https://i.scdn.co/image/ab6761610000e5eb9118449342defcef2a12be4f,https://open.spotify.com/artist/1BC1J2L4JXtQG3JgtDVCrk,2026-01-27 08:19:46
Dika_spotify,Dika,Spotify,40038,45,french rap,https://i.scdn.co/image/ab6761610000e5ebba4e3f6d16ab9229fe62c5c5,https://open.spotify.com/artist/1rBnd8KxDndiiiIyjOsFtw,2026-01-27 08:19:47
St Graal_spotify,St Graal,Spotify,28116,49,"french pop, french indie pop",https://i.scdn.co/image/ab6761610000e5eb529bfd3ff73cd1d032ce9fce,https://open.spotify.com/artist/7Kgv8CorcAKsG4of90vA5I,2026-01-27 08:19:47
Danthology_spotify,Danthology,Spotify,5243,42,"shatta, dancehall",https://i.scdn.co/image/ab67616d0000b2739b53d71e033121e56ad283b4,https://open.spotify.com/artist/6Rii9NJk3gtAOB1qnbTYPM,2026-01-27 08:19:48
Marie-Flore_spotify,Marie-Flore,Spotify,35948,45,"french pop, french indie pop, variété française",https://i.scdn.co/image/ab6761610000e5ebc62f3875907172971d072fca,https://open.spotify.com/artist/3bM1MZ42q6lUJqHDaDwcKr,2026-01-27 08:19:48
KELSON_spotify,KELSON,Spotify,11798,47,Non spécifié,https://i.scdn.co/image/ab6761610000e5eb02818cbfb4d218bc5a6705e6,https://open.spotify.com/artist/3PlSpnPQR0dZY50k3jfx7h,2026-01-27 08:19:48
Eu93ne_spotify,Eu93ne,Spotify,1149,37,"lo-fi beats, lo-fi, jazz beats",https://i.scdn.co/image/ab6761610000e5ebbeb5a1acdd43d646b60b3d5d,https://open.spotify.com/artist/19lhY4E6GLxH337OZLfOV4,2026-01-27 08:19:49
Danilo_spotify,Danilo,Spotify,7861,44,Non spécifié,https://i.scdn.co/image/ab6761610000e5eb6062aca4162e4e77c5729d32,https://open.spotify.com/artist/0nztDFQzc7SwCIGZnvDIJ7,2026-01-27 08:19:49
Kaf Malbar_spotify,Kaf Malbar,Spotify,38366,45,"maloya, shatta, ragga",https://i.scdn.co/image/ab6761610000e5eb6d0992f5c2362fdaa0143abe,https://open.spotify.com/artist/1id4EoPVo5qfzdP5gMf5U3,2026-01-27 08:19:50
Jayel_spotify,Jayel,Spotify,36696,44,french rap,https://i.scdn.co/image/ab6761610000e5eb1fb5079e64bb49e3fc69e4ee,https://open.spotify.com/artist/5kKxz4PDHgrpIt8LX3PPiF,2026-01-27 08:19:50
Afrobeats Central_spotify,Afrobeats Central,Spotify,1819,34,"afro r&b, afrobeats, afrobeat",https://i.scdn.co/image/ab6761610000e5ebfced3e9bcdb8a49925f79e49,https://open.spotify.com/artist/5CnUroTELSGtd9HXmXOgaB,2026-01-27 08:19:50
T-Jy_spotify,T-Jy,Spotify,18387,47,"shatta, zouk",https://i.scdn.co/image/ab6761610000e5ebaa986cdf7e4e9fa48fa10ea4,https://open.spotify.com/artist/28YuYWLmKm0vl1gb5cUIta,2026-01-27 08:19:51
O - Olivier Marguerit_spotify,O - Olivier Marguerit,Spotify,2896,35,"french indie pop, french pop",https://i.scdn.co/image/ab6761610000e5eb784b7e4805f6b280fcc8e00f,https://open.spotify.com/artist/2JldlUF9gAWKZc1qNvjQpo,2026-01-27 08:19:51
Emrod_spotify,Emrod,Spotify,25618,47,Non spécifié,https://i.scdn.co/image/ab6761610000e5eb2a877ec988c6d67bb23f1dc9,https://open.spotify.com/artist/7Gd2a8LhB6hvrgFjuZMw9U,2026-01-27 08:19:52
Molière l'opéra urbain_spotify,Molière l'opéra urbain,Spotify,24433,46,musicals,https://i.scdn.co/image/ab67616d0000b273d2315c38f968e507a5aaeec0,https://open.spotify.com/artist/7eFL3K5giCsAHXus03F7Cd,2026-01-27 08:19:52
Coline Rio_spotify,Coline Rio,Spotify,29569,45,"french pop, french indie pop, chanson",https://i.scdn.co/image/ab6761610000e5ebae08365690ce2e559c27276d,https://open.spotify.com/artist/0avwZ2v9jOgVLB1IfimwdA,2026-01-27 08:19:52
Hulk_spotify,Hulk,Spotify,33108,44,"ndombolo, afrobeats, french r&b",https://i.scdn.co/image/ab6761610000e5eb9b9d73b9885c7069d571479e,https://open.spotify.com/artist/2D2Wm1oAJrDRzXVzxkyBOE,2026-01-27 08:19:53
LJK_spotify,LJK,Spotify,10548,45,Non spécifié,https://i.scdn.co/image/ab6761610000e5eb9482d31ffea64457980d5baa,https://open.spotify.com/artist/6KPfd2qfwePi6IM7RyQ3hd,2026-01-27 08:19:53
lille Caesar_spotify,lille Caesar,Spotify,13411,46,"norwegian pop, norwegian hip hop",https://i.scdn.co/image/ab6761610000e5eb64e43f86ccfafcd3e05e4019,https://open.spotify.com/artist/79ydqO3TZ35NwkWtjyvugR,2026-01-27 08:19:54
Mathu_spotify,Mathu,Spotify,3618,34,"tekno, psytrance, acid techno",https://i.scdn.co/image/ab6761610000e5eb0c40cbe5bbfd4c09dc4bf537,https://open.spotify.com/artist/6wknBTDOHIw2ZJNsCl2sx2,2026-01-27 08:19:54
Esmée_spotify,Esmée,Spotify,6615,42,"french pop, variété française",https://i.scdn.co/image/ab6761610000e5eb240b86ab29cf38eebe6adaa4,https://open.spotify.com/artist/4ltaLmNRwdD98CtEsot497,2026-01-27 08:19:55
Diez_spotify,Diez,Spotify,16984,48,Non spécifié,https://i.scdn.co/image/ab6761610000e5eb5acc336a000bac1a8125aa8b,https://open.spotify.com/artist/082ELiDlIVdC1ovHXpWZHK,2026-01-27 08:19:55
Sp93_spotify,Sp93,Spotify,20410,46,drill,https://i.scdn.co/image/ab6761610000e5ebbeedb4808b122ca076433b20,https://open.spotify.com/artist/70BVuSoIusPEV52Fyi3RlK,2026-01-27 08:19:56
Le Lounge Bar Français_spotify,Le Lounge Bar Français,Spotify,3093,31,french jazz,https://i.scdn.co/image/ab6761610000e5eb36b9a5f59cbdb0b1fa9c8156,https://open.spotify.com/artist/7EEdwUdhGRjusZNKBZ4kMU,2026-01-27 08:19:56
Zaoui_spotify,Zaoui,Spotify,25973,45,"french pop, french indie pop, variété française",https://i.scdn.co/image/ab6761610000e5eb221d64f00a5b1aa503028f01,https://open.spotify.com/artist/5nrmuhl0AXvSLeoZgB3Tmr,2026-01-27 08:19:56
Tample_spotify,Tample,Spotify,8520,43,french indie pop,https://i.scdn.co/image/ab6761610000e5eb230f5f4d823ec48d91684e15,https://open.spotify.com/artist/0PL4oBFPdmDGLXFPaBpYcJ,2026-01-27 08:19:57
NIVK_spotify,NIVK,Spotify,5773,41,"hard techno, tekno, techno",https://i.scdn.co/image/ab6761610000e5ebaa99b9103ca914ffb71ee012,https://open.spotify.com/artist/7lOybRN1Qz34nPphHTHRHY,2026-01-27 08:19:57
Braeker_spotify,Braeker,Spotify,29636,44,Non spécifié,https://i.scdn.co/image/ab6761610000e5ebb2576a11ccd7bced4877075e,https://open.spotify.com/artist/7fGRdpiX855x7RBK8DjT1F,2026-01-27 08:19:58
Fanny_spotify,Fanny,Spotify,1785,33,Non spécifié,https://i.scdn.co/image/ab6761610000e5eb69731bd38cff6025cc0cd359,https://open.spotify.com/artist/7qYMSnsPIXmSMXfGVuCDwm,2026-01-27 08:19:58
Fouzia_spotify,Fouzia,Spotify,5275,38,Non spécifié,https://i.scdn.co/image/ab67616d0000b273c4d635e3cf91cb726058e2e9,https://open.spotify.com/artist/2k0TTdszNNaFtbS7XdReiF,2026-01-27 08:19:58
91_spotify,91,Spotify,1147,34,turkish hip hop,https://i.scdn.co/image/ab6761610000e5eb041a7bc9a9ee02b0b5b51bf1,https://open.spotify.com/artist/227ZhUtAhpZiTj8S80p1y5,2026-01-27 08:19:59
RORI_spotify,RORI,Spotify,21972,44,french pop,https://i.scdn.co/image/ab6761610000e5eb08b3807b17e2a5fe5641c23f,https://open.spotify.com/artist/1VGFnvgAwxMlV8D729gs5I,2026-01-27 08:19:59
Félix Radu_spotify,Félix Radu,Spotify,32460,43,"french pop, variété française",https://i.scdn.co/image/ab6761610000e5eb021fc5bc2d967f8f777f1687,https://open.spotify.com/artist/0a0Pl9QiikzqYozn7qyooX,2026-01-27 08:20:00
YLR_spotify,YLR,Spotify,7364,41,french rap,https://i.scdn.co/image/ab6761610000e5ebdb440b11997d132e50c5c65d,https://open.spotify.com/artist/0djUVWD4NWGZt9PLAlvYXj,2026-01-27 08:20:00
Traf_spotify,Traf,Spotify,11350,45,melodic techno,https://i.scdn.co/image/ab6761610000e5ebcd87420661627cb9cab43fab,https://open.spotify.com/artist/3M1kdGJP7DlEBGPb1JtKJX,2026-01-27 08:20:01
Sköne_spotify,Sköne,Spotify,35183,42,"tekno, acid techno, hard techno",https://i.scdn.co/image/ab6761610000e5eb716ea940126dee92b169d630,https://open.spotify.com/artist/6uMAPLKPcylTmdl0F1T2HF,2026-01-27 08:20:01
Janie_spotify,Janie,Spotify,34952,42,"french pop, variété française, french indie pop",https://i.scdn.co/image/ab6761610000e5eb02ff8a7e13a3caf46da8705c,https://open.spotify.com/artist/2WSFLb1izcqFnU9KakhCnU,2026-01-27 08:20:01
Misié Sadik_spotify,Misié Sadik,Spotify,26513,44,"zouk, kompa, shatta",https://i.scdn.co/image/ab6761610000e5eb3e0b1f62a46ea2a622397af6,https://open.spotify.com/artist/2BfjmShvoGPl4migLIun7a,2026-01-27 08:20:02
Atili_spotify,Atili,Spotify,18304,45,"dub, reggae, ragga",https://i.scdn.co/image/ab6761610000e5eba8fe94b9863e68b51e62413a,https://open.spotify.com/artist/2F7pKYW346RPkqdSH8NiGP,2026-01-27 08:20:02
THK_spotify,THK,Spotify,41630,40,"dub, ragga",https://i.scdn.co/image/ab6761610000e5eb25e5a8430f14b9bee85a98f1,https://open.spotify.com/artist/1WQU2IzBLUDasXeZBtSVA3,2026-01-27 08:20:03
F200_spotify,F200,Spotify,2584,33,french r&b,https://i.scdn.co/image/ab6761610000e5ebd1302c9dd80ef18d08007443,https://open.spotify.com/artist/5nnFJb2sF9qok7rGy1hg4d,2026-01-27 08:20:03
Nour_spotify,Nour,Spotify,38049,41,Non spécifié,https://i.scdn.co/image/ab6761610000e5ebc1d9174d0ffa0cb5e30ab62f,https://open.spotify.com/artist/2Z55seSc1gT7BWnV0ElFNL,2026-01-27 08:20:03
FLKN_spotify,FLKN,Spotify,11863,44,"hard techno, acid techno, techno",https://i.scdn.co/image/ab6761610000e5eb13cb086b6ebb64b771caae02,https://open.spotify.com/artist/3OyQ9AeMFgwKFHUgBOISww,2026-01-27 08:20:04
Lille_spotify,Lille,Spotify,1145,33,dansk rap,https://i.scdn.co/image/ab67616d0000b273f7b769f297cbc10713b2f32a,https://open.spotify.com/artist/1LmqhFAYA6BVhVx3kFrsZd,2026-01-27 08:20:04
TheFrenchKris_spotify,TheFrenchKris,Spotify,8790,43,"french pop, french indie pop",https://i.scdn.co/image/ab6761610000e5eb7d248add5e88e46ebb8d2a56,https://open.spotify.com/artist/3mMx6lCCOvQZheRBZ3CTQs,2026-01-27 08:20:04
Ebony_spotify,Ebony,Spotify,28834,45,french pop,https://i.scdn.co/image/ab6761610000e5ebdbf986b8f01bae85e31d70bd,https://open.spotify.com/artist/0NCfVJ4NDxaKUW8yV4lUlQ,2026-01-27 08:20:05
Xavier Polycarpe_spotify,Xavier Polycarpe,Spotify,3109,31,Non spécifié,https://i.scdn.co/image/ab6761610000e5eb00b2c87f4db1504bd76c184e,https://open.spotify.com/artist/7lG3HWF81HrNSDVyK4zhuP,2026-01-27 08:20:05
Jahlys_spotify,Jahlys,Spotify,7992,41,"shatta, dancehall",https://i.scdn.co/image/ab6761610000e5ebed02e453f4d29f286c61b803,https://open.spotify.com/artist/4AcFhqecUgQOUNmdcdngEq,2026-01-27 08:20:06
LRB490_spotify,LRB490,Spotify,17489,44,"shatta, maloya",https://i.scdn.co/image/ab6761610000e5eb4ae2ccf31ac3b5f53072fbd1,https://open.spotify.com/artist/2UrTsnAc4CSukV44RC6PT6,2026-01-27 08:20:06
ANAÏS MVA_spotify,ANAÏS MVA,Spotify,34147,41,french pop,https://i.scdn.co/image/ab6761610000e5ebc07cbb4df2217aeb96835f5d,https://open.spotify.com/artist/2MBvn4Y3ugNmUlWp1W65QL,2026-01-27 08:20:06
Boris & Moris_spotify,Boris & Moris,Spotify,1517,31,Non spécifié,https://i.scdn.co/image/ab6761610000e5ebb5696d901d7dcbc67eef44c5,https://open.spotify.com/artist/4o3kvOwkHLKBgwcifYQUdF,2026-01-27 08:20:07
Charles Ludig_spotify,Charles Ludig,Spotify,1492,32,Non spécifié,https://i.scdn.co/image/ab6761610000e5eb220cca7904e91c369ea1aa88,https://open.spotify.com/artist/0hO9TrLGquZn6cxbNqgpGl,2026-01-27 08:20:07
94fatso_spotify,94fatso,Spotify,10603,43,Non spécifié,https://i.scdn.co/image/ab6761610000e5eb56a762a49d0cb57bab84ef31,https://open.spotify.com/artist/4r9ruEx6tLz2x0WgtXVaoP,2026-01-27 08:20:08
T913_spotify,T913,Spotify,2503,32,Non spécifié,https://i.scdn.co/image/ab6761610000e5ebb441ab243ff4da71fcb19cce,https://open.spotify.com/artist/47RRhnkvrKrC6tm7fNYQTN,2026-01-27 08:20:08
Allan_spotify,Allan,Spotify,16106,44,Non spécifié,https://i.scdn.co/image/ab6761610000e5eba05e3687d5969a411635651d,https://open.spotify.com/artist/7tJ1ZtOt4EOPyQnT8LE6rH,2026-01-27 08:20:08
Lili Poe_spotify,Lili Poe,Spotify,6990,38,french rap,https://i.scdn.co/image/ab6761610000e5eb4f67c5df15c688633bf7b562,https://open.spotify.com/artist/3xY67nlzCczbpUWrjCTdye,2026-01-27 08:20:09
L'Ordre Des Aventuriers_spotify,L'Ordre Des Aventuriers,Spotify,1423,31,Non spécifié,https://i.scdn.co/image/ab67616d0000b2735dda457da477c6a7072f6a9e,https://open.spotify.com/artist/1nn9NQhtKG0AfAjV5ZX8l4,2026-01-27 08:20:09
Micky Green_spotify,Micky Green,Spotify,9366,42,Non spécifié,https://i.scdn.co/image/ab67616d0000b2737779d0dafd43cbb4cb04a3ec,https://open.spotify.com/artist/2xRBcpNYedlk5IhmIxfUqo,2026-01-27 08:20:10
Blasé_spotify,Blasé,Spotify,7149,39,Non spécifié,https://i.scdn.co/image/ab6761610000e5eb62d6de5d4e55094f4cdc4180,https://open.spotify.com/artist/4PqSBgXKxQuqclKpwB6iuc,2026-01-27 08:20:10
Karma 94_spotify,Karma 94,Spotify,6461,37,Non spécifié,https://i.scdn.co/image/ab6761610000e5ebb8f160ad8faba5cb83c9c9f0,https://open.spotify.com/artist/1s1KgcCLx44NR59HUXy3ic,2026-01-27 08:20:10
Kryssy_spotify,Kryssy,Spotify,23608,42,"shatta, dancehall, ragga",https://i.scdn.co/image/ab6761610000e5eb7b98426bfcbf096e9eace97f,https://open.spotify.com/artist/0aFrpBv0tkmDm9qFlXK2Gc,2026-01-27 08:20:11
Ève_spotify,Ève,Spotify,10218,43,"french pop, french indie pop",https://i.scdn.co/image/ab6761610000e5eb59ad674e23a0e468cff8fe90,https://open.spotify.com/artist/09X1kbjR9O2Cb3gdPvpgKG,2026-01-27 08:20:11
Art-X_spotify,Art-X,Spotify,12324,42,dub,https://i.scdn.co/image/ab6761610000e5eb3abce5592a192972d65ea9d2,https://open.spotify.com/artist/5H4bQKIbNqf60vLbV9C0zq,2026-01-27 08:20:12
949PAYA$o_spotify,949PAYA$o,Spotify,32063,41,Non spécifié,https://i.scdn.co/image/ab6761610000e5eb4dff63eaeb12b94531772ad4,https://open.spotify.com/artist/1IKjfLTjdQB5p8lqsTgJI1,2026-01-27 08:20:12
Jäde_spotify,Jäde,Spotify,22237,42,french r&b,https://i.scdn.co/image/ab6761610000e5eb3673b06ce7cadd07f844639a,https://open.spotify.com/artist/52CEzAtIDEJInO8yL0blFB,2026-01-27 08:20:12
Malter_spotify,Malter,Spotify,2460,29,french r&b,https://i.scdn.co/image/ab6761610000e5eb458e2be640a70939dd9df94c,https://open.spotify.com/artist/3FDn3vsowXE4E7NNQn4fqq,2026-01-27 08:20:13
Shake Shake Go_spotify,Shake Shake Go,Spotify,38371,39,folk pop,https://i.scdn.co/image/ab6761610000e5eb1bd6ef1d1d9ba81a727fe136,https://open.spotify.com/artist/1FmnkGJ5KDt1eCHJQVyAbk,2026-01-27 08:20:13
SOROSORO_spotify,SOROSORO,Spotify,2293,30,afro soul,https://i.scdn.co/image/ab6761610000e5eb158df4e9e9e0e7769e056482,https://open.spotify.com/artist/1S0pZbFHkQSJvvpzfIHXSS,2026-01-27 08:20:14
Jazz douce musique d'ambiance_spotify,Jazz douce musique d'ambiance,Spotify,3188,31,Non spécifié,https://i.scdn.co/image/ab67616d0000b273bd36a7d1b5739403090b379a,https://open.spotify.com/artist/50odTEgNT8oNs9BrWD0kS4,2026-01-27 08:20:14
Pompis_spotify,Pompis,Spotify,30924,41,"zouk, shatta, dancehall",https://i.scdn.co/image/ab6761610000e5eb7c419ad3f174b0fbba49f2b0,https://open.spotify.com/artist/5MvTyp1ILPh1FZupAcFffI,2026-01-27 08:20:15
Pep's_spotify,Pep's,Spotify,20335,42,"variété française, chanson",https://i.scdn.co/image/ab6761610000e5eb06e0da5efd42553919f2d69a,https://open.spotify.com/artist/6dvyAgidTbcn9vJO1eWQ6y,2026-01-27 08:20:15
Paris_spotify,Paris,Spotify,59631,32,"g-funk, west coast hip hop",https://i.scdn.co/image/ab6761610000e5eb28a3beb55acabf6950f10f9c,https://open.spotify.com/artist/6UPRFx3Gnn5N67opROnwA5,2026-01-27 08:20:15
Lawskie_spotify,Lawskie,Spotify,3262,29,Non spécifié,https://i.scdn.co/image/ab6761610000e5eba2e890cd7acedee83b62a731,https://open.spotify.com/artist/7gdTFjXWEBzBtir4DGFzku,2026-01-27 08:20:16
Jumo_spotify,Jumo,Spotify,25163,41,Non spécifié,https://i.scdn.co/image/ab6761610000e5eb5368272d2189b904b43078ff,https://open.spotify.com/artist/3JpL06DxPRePrKeYaRhKwH,2026-01-27 08:20:16
SLK_spotify,SLK,Spotify,29625,41,"french rap, pop urbaine",https://i.scdn.co/image/ab6761610000e5ebdf8e4eec11a77e7be79a6952,https://open.spotify.com/artist/6CBm5KPNnurK4hFutVDIpz,2026-01-27 08:20:17
Mani Deïz_spotify,Mani Deïz,Spotify,11705,41,"french rap, boom bap",https://i.scdn.co/image/ab6761610000e5ebb46e418cac72b99ee26f15d3,https://open.spotify.com/artist/0IKPfKkoKDbdQTKX0LCFZB,2026-01-27 08:20:17
Rakoon_spotify,Rakoon,Spotify,39560,37,dub,https://i.scdn.co/image/ab6761610000e5eb9f314471899f856cc4e45bba,https://open.spotify.com/artist/6a6yqBUTk6XxSsrstQIBQ6,2026-01-27 08:20:17
Voleur pnz_spotify,Voleur pnz,Spotify,8167,39,Non spécifié,https://i.scdn.co/image/ab6761610000e5eb598cb52579ce3662ae4600e8,https://open.spotify.com/artist/6BGAhqSN3qEqlZRpMogAFN,2026-01-27 08:20:18
Bruzer_spotify,Bruzer,Spotify,4040,32,ndombolo,https://i.scdn.co/image/ab6761610000e5eb6e3c061fe2a89bcb27566b7e,https://open.spotify.com/artist/1U2Bzt0bhkqHJj7L1WQdnB,2026-01-27 08:20:18
Cyclope l'Héritier_spotify,Cyclope l'Héritier,Spotify,13859,41,french rap,https://i.scdn.co/image/ab6761610000e5ebc7e565760953955c6bf9d177,https://open.spotify.com/artist/0MKlq9NpviCizhTWbrC8KI,2026-01-27 08:20:19
Zitoune_spotify,Zitoune,Spotify,20414,41,french rap,https://i.scdn.co/image/ab6761610000e5ebc8ae3780ce12bb9ce88c448b,https://open.spotify.com/artist/5TRkqLaI9iMFdFiqN1wAXa,2026-01-27 08:20:19
Tookie2Beriz_spotify,Tookie2Beriz,Spotify,1529,34,Non spécifié,https://i.scdn.co/image/ab6761610000e5ebfcafa4f8a62029368b70cf54,https://open.spotify.com/artist/142mBEMjSrFPCuDU0eS20r,2026-01-27 08:20:19
Blicassty_spotify,Blicassty,Spotify,17288,41,"shatta, zouk, kompa",https://i.scdn.co/image/ab6761610000e5eb170dda59fcfbfdb865897771,https://open.spotify.com/artist/1MbUL0JryiwgLoPNX8esk6,2026-01-27 08:20:20
Clou_spotify,Clou,Spotify,24731,41,"french pop, french indie pop, chanson",https://i.scdn.co/image/ab6761610000e5eb759e15b005fb304c530d7084,https://open.spotify.com/artist/7DPzuksj4fnGIb4F9dVswN,2026-01-27 08:20:20
sheng_spotify,sheng,Spotify,11329,40,"hyperpop, french pop",https://i.scdn.co/image/ab6761610000e5eb981e0a779b267a6ecc0b39d4,https://open.spotify.com/artist/0mAIVu2rtpW9TYcbp88wqn,2026-01-27 08:20:21
Lille Fucker_spotify,Lille Fucker,Spotify,2537,28,"dansk rap, dansktop",https://i.scdn.co/image/ab6761610000e5eb1736baff38d775746af9b60b,https://open.spotify.com/artist/6Sr0XZt2vowfPAzp9Mv1ck,2026-01-27 08:20:21
AZKA_spotify,AZKA,Spotify,8118,38,Non spécifié,https://i.scdn.co/image/ab6761610000e5eb7e7dc97b11cbe6c9cce00ec2,https://open.spotify.com/artist/20cVY12kekiJOzONmGOfyx,2026-01-27 08:20:21
Lé Will & Deuspi_spotify,Lé Will & Deuspi,Spotify,22711,41,"shatta, kompa",https://i.scdn.co/image/ab6761610000e5ebbcb160892fcc0b4e00512888,https://open.spotify.com/artist/1DaLT7Mgy04h833FKXKGO0,2026-01-27 08:20:22
Vincent Peirani_spotify,Vincent Peirani,Spotify,27523,39,"french jazz, jazz",https://i.scdn.co/image/ab6761610000e5eb378166e7896d5e02eb381225,https://open.spotify.com/artist/2aMYfhweGlfp6qj9r6OGUO,2026-01-27 08:20:22
Demon_spotify,Demon,Spotify,12534,40,french house,https://i.scdn.co/image/ab6761610000e5ebe3d1ec18442e165c1af9c340,https://open.spotify.com/artist/4LiDDSfUo671okhAa6OSHY,2026-01-27 08:20:23
IN.94_spotify,IN.94,Spotify,7348,38,french rap,https://i.scdn.co/image/ab6761610000e5ebbb2cd4229165a762adea349a,https://open.spotify.com/artist/0uFKA5yAa06BUDouOb1X8C,2026-01-27 08:20:23
Harley_spotify,Harley,Spotify,20065,39,"french rap, rap ivoire",https://i.scdn.co/image/ab6761610000e5ebd18495bb66c1df80a95f1947,https://open.spotify.com/artist/1w8f71fNCVvZtiz4DLd7N5,2026-01-27 08:20:23
Latop_spotify,Latop,Spotify,19903,40,shatta,https://i.scdn.co/image/ab6761610000e5ebde0a7bd569dfc6470288a4ff,https://open.spotify.com/artist/2Le5krQdKYGiP5xUQnIHKN,2026-01-27 08:20:24
wilsko_spotify,wilsko,Spotify,15048,41,Non spécifié,https://i.scdn.co/image/ab6761610000e5eb59d49011749205cca9026e9b,https://open.spotify.com/artist/1d38UPGn8PJ9XekumcIBha,2026-01-27 08:20:24
Rain 910_spotify,Rain 910,Spotify,2252,25,Non spécifié,https://i.scdn.co/image/ab6761610000e5eb97404a54b7bb623c7b99e0a1,https://open.spotify.com/artist/76CqcY9GUeWmu1sGbDDBwi,2026-01-27 08:20:25
949_creeper_spotify,949_creeper,Spotify,21829,39,Non spécifié,https://i.scdn.co/image/ab6761610000e5eb874aea809f40e122e3ebde93,https://open.spotify.com/artist/1dsLZMddSbqEnWNrXAZMr7,2026-01-27 08:20:25
Mec touché_spotify,Mec touché,Spotify,1453,27,Non spécifié,https://i.scdn.co/image/ab67616d0000b273253a1a02107ab8f0f91ef630,https://open.spotify.com/artist/0cfNKSR5Mcvh6jn8iPxcIT,2026-01-27 08:20:25
John Alenca_spotify,John Alenca,Spotify,1373,27,Non spécifié,https://i.scdn.co/image/ab6761610000e5ebf2925b7b09891298a23b1676,https://open.spotify.com/artist/57H433bibChwiap8GjXH34,2026-01-27 08:20:26
DjeuhDjoah_spotify,DjeuhDjoah,Spotify,18679,39,Non spécifié,https://i.scdn.co/image/ab6761610000e5ebff3ae90fbcf20d17f3e5fe8e,https://open.spotify.com/artist/6oay09Jpzlp3TKFbx7GBMY,2026-01-27 08:20:26
L’Amerigo_spotify,L’Amerigo,Spotify,14227,39,Non spécifié,https://i.scdn.co/image/ab6761610000e5ebfed404cd56e98e4e5638b999,https://open.spotify.com/artist/0NLGp1poDBr1K4VVp3LVSL,2026-01-27 08:20:27
Rouquine_spotify,Rouquine,Spotify,18353,39,"french pop, french indie pop, variété française",https://i.scdn.co/image/ab6761610000e5eb478d2d537cadb9864d2d638b,https://open.spotify.com/artist/7pJxy5TSBacc0UMMppaExZ,2026-01-27 08:20:27
P.R2B_spotify,P.R2B,Spotify,17624,39,"french indie pop, french pop",https://i.scdn.co/image/ab6761610000e5ebbcf7528c8409ced1644c60fe,https://open.spotify.com/artist/6R6tuqCxJRopO4bE8nfLGk,2026-01-27 08:20:27
Revnoir_spotify,Revnoir,Spotify,28622,37,metalcore,https://i.scdn.co/image/ab6761610000e5eb2a0f77876db23a312580883b,https://open.spotify.com/artist/6Jnxg5O26hXfwfbRSMzVuB,2026-01-27 08:20:28
Doosko Niafo_spotify,Doosko Niafo,Spotify,4787,32,ndombolo,https://i.scdn.co/image/ab6761610000e5eb0946075770a65957e8fe60a1,https://open.spotify.com/artist/3j5vom9KtuBUImiFXCOTP0,2026-01-27 08:20:28
Green Money_spotify,Green Money,Spotify,3561,27,french rap,https://i.scdn.co/image/ab67616d0000b2738d130b2fda9caaa42a76c265,https://open.spotify.com/artist/5K45xjHulVclJDxJSakgmc,2026-01-27 08:20:29
Jahyanai King_spotify,Jahyanai King,Spotify,7656,37,"shatta, dancehall, ragga",https://i.scdn.co/image/ab67616d0000b2737ad80bd125c09a6952506083,https://open.spotify.com/artist/4ASk9it8lXjK4KrkoFXPlN,2026-01-27 08:20:29
Izzy93_spotify,Izzy93,Spotify,22708,38,sexy drill,https://i.scdn.co/image/ab6761610000e5eb1d730e7c9df53fb843878f14,https://open.spotify.com/artist/2AfyzCxD2WTuEbV0XoZajq,2026-01-27 08:20:29
Paris Richards_spotify,Paris Richards,Spotify,1535,22,sexy drill,https://i.scdn.co/image/ab6761610000e5eb9c51e9f95bc2d41317db246a,https://open.spotify.com/artist/2QKgfzDlgGJCv1hkfOovKH,2026-01-27 08:20:30
tn_490_spotify,tn_490,Spotify,21343,37,dark r&b,https://i.scdn.co/image/ab6761610000e5eb21d739e83c1e367ccbc8a279,https://open.spotify.com/artist/1ULJBOKjmOpRsRRHP1vc2X,2026-01-27 08:20:30
Ana Moreau_spotify,Ana Moreau,Spotify,4923,32,Non spécifié,https://i.scdn.co/image/ab6761610000e5eb0e6ecf987d16586d3834d016,https://open.spotify.com/artist/4vy2w9TDFpA1kcFCZRT5Ls,2026-01-27 08:20:31
Contrefaçon_spotify,Contrefaçon,Spotify,19335,38,tekno,https://i.scdn.co/image/ab6761610000e5ebae453ee69168598c8fc132e0,https://open.spotify.com/artist/5RmuisBjJdDZ2OaLmWVMYu,2026-01-27 08:20:31
Payaso915_spotify,Payaso915,Spotify,33203,35,mexican hip hop,https://i.scdn.co/image/ab6761610000e5ebebf157f169c8a17ad930f86a,https://open.spotify.com/artist/4p5a11aaWH3aZrDuGrCWq6,2026-01-27 08:20:32
Santos 912_spotify,Santos 912,Spotify,8575,37,Non spécifié,https://i.scdn.co/image/ab6761610000e5ebfbb1d7842a1a31fa37602b73,https://open.spotify.com/artist/4NbbicWEOV9MfkaTuZBUnh,2026-01-27 08:20:32
Saandia_spotify,Saandia,Spotify,1871,24,Non spécifié,https://i.scdn.co/image/ab6761610000e5eb1a27df3f52ed4a35c8b17c7b,https://open.spotify.com/artist/5m9uhS0LyWhc5kFDWkeOjA,2026-01-27 08:20:32
Sto_spotify,Sto,Spotify,22448,38,"french rap, hip house",https://i.scdn.co/image/ab6761610000e5eb0a221473081a549807dfd14d,https://open.spotify.com/artist/475O928CVcLukJqBd4LPJ3,2026-01-27 08:20:33
Emile Parisien_spotify,Emile Parisien,Spotify,11426,37,"french jazz, jazz",https://i.scdn.co/image/ab6761610000e5ebfb3df8c934db359da77cc80c,https://open.spotify.com/artist/0KYFSSpklRwCSM31sHD4s6,2026-01-27 08:20:33
Dk2fois_spotify,Dk2fois,Spotify,21770,38,"ndombolo, french r&b",https://i.scdn.co/image/ab6761610000e5ebdaf6a2ee641b2f9644cfea39,https://open.spotify.com/artist/3532P4f6wikwfG2uvxXRnQ,2026-01-27 08:20:34
ELISA ERKA_spotify,ELISA ERKA,Spotify,6666,35,"french pop, french indie pop",https://i.scdn.co/image/ab6761610000e5eb9813cb70a407aac179e19eb7,https://open.spotify.com/artist/1EkqwqtzsjxMYJZH73RFVM,2026-01-27 08:20:34
Blam'S_spotify,Blam'S,Spotify,26066,37,nightcore,https://i.scdn.co/image/ab6761610000e5ebbe2b076705bbe05fec871f75,https://open.spotify.com/artist/5JZqq78QDWcMNYjIRV81oF,2026-01-27 08:20:34
ELOI_spotify,ELOI,Spotify,24896,36,hyperpop,https://i.scdn.co/image/ab6761610000e5ebf28dfccba1f24c9699a84c5b,https://open.spotify.com/artist/5J65ukR6WWDkuRrqYa4Knl,2026-01-27 08:20:35
Revolver_spotify,Revolver,Spotify,24778,36,Non spécifié,https://i.scdn.co/image/46ee81759abcc436f09171ff3e95c12b8e8f90e0,https://open.spotify.com/artist/2ERWfqqrtdXicQJ9wcOONf,2026-01-27 08:20:35
Dounia Jari_spotify,Dounia Jari,Spotify,5460,32,Non spécifié,https://i.scdn.co/image/ab67616d0000b2731cbd766f29f9cc4076a6dda9,https://open.spotify.com/artist/2wGEnSqp6ZXg2LWGZF7mnQ,2026-01-27 08:20:35
Cachemire_spotify,Cachemire,Spotify,10300,36,Non spécifié,https://i.scdn.co/image/ab6761610000e5eb1bd5937d6d7b0621c436880c,https://open.spotify.com/artist/4AJBNggqryKH5Dy0xdaGDY,2026-01-27 08:20:36
Jazir_spotify,Jazir,Spotify,1329,23,Non spécifié,https://i.scdn.co/image/ab6761610000e5eb9eb7662bf6655960d088211a,https://open.spotify.com/artist/1AyxHP7cwxDjR5HxtxRo1C,2026-01-27 08:20:36
Owen River_spotify,Owen River,Spotify,2580,24,Non spécifié,https://i.scdn.co/image/ab6761610000e5ebc35c6659b5d771ffa991ff88,https://open.spotify.com/artist/6PY5uOumDeaGto9AfoxCjh,2026-01-27 08:20:37
West Bank Records_spotify,West Bank Records,Spotify,21296,37,dancehall,https://i.scdn.co/image/ab6761610000e5eb52e04ab9135a4dbe83ef446d,https://open.spotify.com/artist/2VpYQkkjCohjSPskaQGyp0,2026-01-27 08:20:37
Rover_spotify,Rover,Spotify,20393,37,french indie pop,https://i.scdn.co/image/ab6761610000e5eb5bac39062ea7ee4cdefbff6b,https://open.spotify.com/artist/0kPQnkxRCKloZQfgXfrqQO,2026-01-27 08:20:37
Foé_spotify,Foé,Spotify,25259,35,"french pop, french indie pop, variété française",https://i.scdn.co/image/ab6761610000e5eb54ee87af073aeebafae8d13a,https://open.spotify.com/artist/5KRLYv4JDKx5jvR2EOdw7a,2026-01-27 08:20:38
ASTERO-H_spotify,ASTERO-H,Spotify,1873,23,Non spécifié,https://i.scdn.co/image/ab6761610000e5eb0adfc561fd37f5aa1996eed0,https://open.spotify.com/artist/4R15nQ1tIZGKIq7Z8BddVI,2026-01-27 08:20:38
JLOW_spotify,JLOW,Spotify,8791,34,Non spécifié,https://i.scdn.co/image/ab6761610000e5ebbe64e7ba81cbfe311e9aba64,https://open.spotify.com/artist/66rknd4NFEU7U2AK5cesjy,2026-01-27 08:20:39
Ici c'est Paris_spotify,Ici c'est Paris,Spotify,2041,21,Non spécifié,https://i.scdn.co/image/ab67616d0000b273f3e47194a579f8bb8413ecdb,https://open.spotify.com/artist/0XVAP17xehWKLmcb0DhtbZ,2026-01-27 08:20:39
935_spotify,935,Spotify,3070,26,Non spécifié,https://i.scdn.co/image/ab6761610000e5ebb766971e2e7a110b4c6cce2b,https://open.spotify.com/artist/1e9RDMOTSMtDV4ZkZTrZw4,2026-01-27 08:20:39
Magoyond_spotify,Magoyond,Spotify,17601,36,Non spécifié,https://i.scdn.co/image/ab6761610000e5eba4d9da748e27e3c7f4416906,https://open.spotify.com/artist/69NyHXNjgqvV4euhqZ36kH,2026-01-27 08:20:40
Rocket_spotify,Rocket,Spotify,1283,24,french rap,https://i.scdn.co/image/ab6761610000e5eb150b00b0e9123b91a5c2ac2c,https://open.spotify.com/artist/6HB56S5tXln4QbDVbnd3h6,2026-01-27 08:20:40
Casus Belli_spotify,Casus Belli,Spotify,7942,33,french rap,https://i.scdn.co/image/ab6761610000e5eb1dfa39b5546c6e139dad195f,https://open.spotify.com/artist/1nmnKCdPXX14EBJWklwKTR,2026-01-27 08:20:41
Shoota93_spotify,Shoota93,Spotify,1046,21,east coast hip hop,https://i.scdn.co/image/ab67616d0000b27352595f8e7781273aaa32d49b,https://open.spotify.com/artist/1qvfwkeecGjBi5yJ1GBTNr,2026-01-27 08:20:41
New Jazz France_spotify,New Jazz France,Spotify,1019,22,Non spécifié,https://i.scdn.co/image/ab6761610000e5ebc2472ff031a753d0f1025435,https://open.spotify.com/artist/10zN9gAaRm3XKwtYzVZNql,2026-01-27 08:20:41
Merzhin_spotify,Merzhin,Spotify,34670,32,"celtic rock, celtic",https://i.scdn.co/image/ab6761610000e5eb48ed84b5e4dd940a9c720730,https://open.spotify.com/artist/4ni1VfqTNIvsJKTDuiN64f,2026-01-27 08:20:42
Rallye_spotify,Rallye,Spotify,2411,21,"french indie pop, french pop",https://i.scdn.co/image/ab6761610000e5eb70bfefb3656e8e3efe492afa,https://open.spotify.com/artist/36buOdDVz6p3QbVatFi4iX,2026-01-27 08:20:42
Sáez'93_spotify,Sáez'93,Spotify,2413,22,Non spécifié,https://i.scdn.co/image/ab6761610000e5eb0f65de49f5a59f357a0dd544,https://open.spotify.com/artist/2MOr3iEGgA7dQhYUsPBoTI,2026-01-27 08:20:43
Lulu Gainsbourg_spotify,Lulu Gainsbourg,Spotify,4361,27,Non spécifié,https://i.scdn.co/image/ab6761610000e5eb859e1f2de8da81a22d3c9d00,https://open.spotify.com/artist/5W38lYXVLIEfyTFBQKTfmX,2026-01-27 08:20:43
King Luca_spotify,King Luca,Spotify,6628,30,bikutsi,https://i.scdn.co/image/ab67616d0000b2739580f1a036c50f167121e693,https://open.spotify.com/artist/1DEN3iWZL55rYkQCXVwkLz,2026-01-27 08:20:44
FRANKIE PARIS_spotify,FRANKIE PARIS,Spotify,1688,20,j-rap,https://i.scdn.co/image/ab6761610000e5eb035731f2f133a15326e262f3,https://open.spotify.com/artist/1MHoEOE8YNUmWKnqoEQS2Z,2026-01-27 08:20:44
Zonmai_spotify,Zonmai,Spotify,2040,20,hyperpop,https://i.scdn.co/image/ab6761610000e5eb95e67421585489ffbc6706bc,https://open.spotify.com/artist/690TcJftS8JgJI5iEsYEcU,2026-01-27 08:20:44
Les Petits Chanteurs D'Asnières_spotify,Les Petits Chanteurs D'Asnières,Spotify,1146,20,chanson,https://i.scdn.co/image/ab6761610000e5eb8296cf464a718c6d47c349c1,https://open.spotify.com/artist/2LvcgUerrHBC9tQd48v6kL,2026-01-27 08:20:45
Simia_spotify,Simia,Spotify,7598,32,Non spécifié,https://i.scdn.co/image/ab6761610000e5eb4a4c1fc4be9064549acd0305,https://open.spotify.com/artist/57dGH4c5aKHr46UJqCDEev,2026-01-27 08:20:45
Crie 930_spotify,Crie 930,Spotify,13188,35,Non spécifié,https://i.scdn.co/image/ab6761610000e5eb8447006f3a0af7ff562b2d94,https://open.spotify.com/artist/3dOo2vzOxx1HaSteQGb56s,2026-01-27 08:20:46
D4r_spotify,D4r,Spotify,3281,26,"french rap, russelåter, epadunk",https://i.scdn.co/image/ab6761610000e5ebfa76c62e69ddfe8f68b1f0af,https://open.spotify.com/artist/67RmjpcaDCjcdKMiBuamuV,2026-01-27 08:20:46
Emlo_spotify,Emlo,Spotify,1742,20,drill,https://i.scdn.co/image/ab6761610000e5eb24a37cdcb95c6b9aafae64a0,https://open.spotify.com/artist/5O4IDbze1xrfs2zY8wLJ1H,2026-01-27 08:20:47
King Daddy Yod_spotify,King Daddy Yod,Spotify,1693,19,"ragga, reggae, dancehall",https://i.scdn.co/image/ab6761610000e5ebe5df4cc1b1fbbeb73ffb87d4,https://open.spotify.com/artist/2fpKYZoJagtpX0aQ5xXiqq,2026-01-27 08:20:47
DONI NA MA_spotify,DONI NA MA,Spotify,1665,19,rap québécois,https://i.scdn.co/image/ab6761610000e5ebfd9af6e959c1fe5259e3cc5b,https://open.spotify.com/artist/64jyZ8B8vuzf12J7NYAglD,2026-01-27 08:20:47
Lunar949_spotify,Lunar949,Spotify,1285,20,Non spécifié,https://i.scdn.co/image/ab6761610000e5eb084f359f076c8c53a11f4634,https://open.spotify.com/artist/5FM4iItgDdg47zRKbWnjzd,2026-01-27 08:20:48
MC Salo_spotify,MC Salo,Spotify,2129,20,Non spécifié,https://i.scdn.co/image/ab67616d0000b2738d036affbb26f328161dcf37,https://open.spotify.com/artist/1quV4CgipPwybFtikATOBc,2026-01-27 08:20:48
Gabriel Paris_spotify,Gabriel Paris,Spotify,4266,27,Non spécifié,https://i.scdn.co/image/ab6761610000e5eb402c3584ca67e943cee9902d,https://open.spotify.com/artist/5mC0vGi5lOCqYs53SOojs4,2026-01-27 08:20:49
DAM_spotify,DAM,Spotify,38718,28,arabic hip hop,https://i.scdn.co/image/ab6761610000e5eb7f4f255c3a1aca1c7fe534ae,https://open.spotify.com/artist/1ATrNccUrhiYSQ3B08VQrz,2026-01-27 08:20:49
Jil Is Lucky_spotify,Jil Is Lucky,Spotify,15008,33,french indie pop,https://i.scdn.co/image/ab6761610000e5eb2f958365cb03075bc7215f93,https://open.spotify.com/artist/4O82966S46TGCDsAzRFlku,2026-01-27 08:20:50
jaynbeats_spotify,jaynbeats,Spotify,15036,33,german hip hop,https://i.scdn.co/image/ab6761610000e5ebcc83ac218ef56f68cbcb1b49,https://open.spotify.com/artist/3g5QiiBmEWt5a3WaW1zArB,2026-01-27 08:20:50
Eloquence_spotify,Eloquence,Spotify,5589,27,french rap,https://i.scdn.co/image/ab67616d0000b273e4fb7aa8c3005f3490b0c26a,https://open.spotify.com/artist/685Gc0hObCotgZ7K8bE05K,2026-01-27 08:20:50
Dolo Tonight_spotify,Dolo Tonight,Spotify,9965,32,Non spécifié,https://i.scdn.co/image/ab6761610000e5eba3e07ca1224588971fc3ea93,https://open.spotify.com/artist/3ED1AG2E67Epo3MBFVOFj9,2026-01-27 08:20:51
Samat_spotify,Samat,Spotify,1273,19,french rap,https://i.scdn.co/image/ab6761610000e5ebc6c4ad039474118f96475e63,https://open.spotify.com/artist/68uK8Nx6KBp8QZQi3YMU6L,2026-01-27 08:20:51
Snoobie92_spotify,Snoobie92,Spotify,19835,32,Non spécifié,https://i.scdn.co/image/ab6761610000e5eb4377b0210d827b5c26a2f0e4,https://open.spotify.com/artist/1nqN4To65NIMSGsU0n8axa,2026-01-27 08:20:52
Les Amis D'ta Femme_spotify,Les Amis D'ta Femme,Spotify,35707,29,chanson,https://i.scdn.co/image/ab67616d0000b273b405279471d87a5be19e644a,https://open.spotify.com/artist/27zZxSk7AynBSC0XYiivLp,2026-01-27 08:20:52
France Mpundu_spotify,France Mpundu,Spotify,2111,19,Non spécifié,https://i.scdn.co/image/ab6761610000e5eb9e4e38c8ec195cb00f296a0c,https://open.spotify.com/artist/3H7eNFfmHDrZoHoTfDJyGE,2026-01-27 08:20:53
Poppy Fusée_spotify,Poppy Fusée,Spotify,6121,29,french indie pop,https://i.scdn.co/image/ab6761610000e5ebbbf11b8220f09878973d52e7,https://open.spotify.com/artist/5IFUbcd4w9UlVpsMNfY4FT,2026-01-27 08:20:53
Le Réparateur_spotify,Le Réparateur,Spotify,9433,31,punk,https://i.scdn.co/image/ab67616d0000b273828397e265cde0dcc76c141b,https://open.spotify.com/artist/1y1PK1PL2dgNh0TwQTpZMU,2026-01-27 08:20:53
Humphrey_spotify,Humphrey,Spotify,3867,26,"french r&b, french rap",https://i.scdn.co/image/ab6761610000e5ebf227dbeb20810d86df218101,https://open.spotify.com/artist/2RTeAMXtT5IZA4HndoFSNq,2026-01-27 08:20:54
NeoFX_spotify,NeoFX,Spotify,8309,30,"tekno, acid techno, hard techno",https://i.scdn.co/image/ab6761610000e5eb51f6a5cb08240d2d5d37ee51,https://open.spotify.com/artist/0lkiOp3vyxpN37Y6OCf9yO,2026-01-27 08:20:54
Cheb Aymen Parisien_spotify,Cheb Aymen Parisien,Spotify,27470,29,"raï, moroccan pop",https://i.scdn.co/image/ab67616d0000b2734444ed347a3e98f963720df6,https://open.spotify.com/artist/0F2vt3PHYGZ8pSFBHZ0laC,2026-01-27 08:20:54
Paris Paige_spotify,Paris Paige,Spotify,1511,16,Non spécifié,https://i.scdn.co/image/ab6761610000e5eb374a4a30a9928f99710b930a,https://open.spotify.com/artist/4MwF8qs0Uukh7VQdbVEcpP,2026-01-27 08:20:55
Jasmïn_spotify,Jasmïn,Spotify,1319,16,Non spécifié,https://i.scdn.co/image/ab6761610000e5eb1ded4d2333cfa2894ec7d795,https://open.spotify.com/artist/1dFiLNmRKzp1sA088KuwCw,2026-01-27 08:20:55
Warning_spotify,Warning,Spotify,29545,29,"doom metal, sludge metal, stoner metal",https://i.scdn.co/image/ab6761610000e5ebc7e6070ce963456750e2cfde,https://open.spotify.com/artist/215tdyVWdDYOjufDKf6UJg,2026-01-27 08:20:56
Adamé_spotify,Adamé,Spotify,9994,32,french pop,https://i.scdn.co/image/ab6761610000e5eb047472e06431bdbe28e83e57,https://open.spotify.com/artist/0sERWA25W58jwsWqspklGe,2026-01-27 08:20:56
Malo'_spotify,Malo',Spotify,7820,29,"french indie pop, french pop",https://i.scdn.co/image/ab6761610000e5eb0e8620c94ae20fe1cac41876,https://open.spotify.com/artist/0wHHtuNdjnmH9spIm2VrhR,2026-01-27 08:20:56
Thomas de Pourquery_spotify,Thomas de Pourquery,Spotify,10570,30,french jazz,https://i.scdn.co/image/ab6761610000e5ebffab7a5af2348146b5959b77,https://open.spotify.com/artist/1tMIosPVEqpXGdD8JW1tIe,2026-01-27 08:20:57
Terco92_spotify,Terco92,Spotify,35164,27,latin hip hop,https://i.scdn.co/image/ab6761610000e5ebeac43ab77b8c37f05c5e0231,https://open.spotify.com/artist/2KUtIRV7tG4q4uyzHSkOqT,2026-01-27 08:20:57
Kasper 939_spotify,Kasper 939,Spotify,14339,30,"hip house, french rap",https://i.scdn.co/image/ab6761610000e5ebb5058c3452b621eacbb0da11,https://open.spotify.com/artist/6wUGiWb7FR3Cv39sELlp1U,2026-01-27 08:20:58
$hiro_spotify,$hiro,Spotify,1091,16,"french r&b, afroswing",https://i.scdn.co/image/ab6761610000e5eb389dc2f7c6ed6100c5a8015f,https://open.spotify.com/artist/5ccC62eZo8vv2qTOTndIkn,2026-01-27 08:20:58
LILLEN_spotify,LILLEN,Spotify,1011,16,Non spécifié,https://i.scdn.co/image/ab6761610000e5eb7b976517417efcae7baf3586,https://open.spotify.com/artist/04Me6qNw3Z1CIqUWrkmF5B,2026-01-27 08:20:58
Haley James Scott_spotify,Haley James Scott,Spotify,9686,30,Non spécifié,,https://open.spotify.com/artist/7y4JSWyptLDbIWn5LOhydr,2026-01-27 08:20:59
Coco061_spotify,Coco061,Spotify,6372,26,Non spécifié,https://i.scdn.co/image/ab67616d0000b273873807de7e61c637a3f5076e,https://open.spotify.com/artist/4jQd4K8fy9EuJJZErkbHts,2026-01-27 08:20:59
PMD_spotify,PMD,Spotify,10865,29,"hardcore hip hop, east coast hip hop, boom bap",https://i.scdn.co/image/ab6761610000e5eb39e8bf1091792971c11053b9,https://open.spotify.com/artist/3xgVb12lTabQh3FnxXgjQk,2026-01-27 08:21:00
Astral Bakers_spotify,Astral Bakers,Spotify,4276,22,Non spécifié,https://i.scdn.co/image/ab6761610000e5eb72311d2ee09baca61137addd,https://open.spotify.com/artist/6VUpGE6ErMWwqZGepBWc0D,2026-01-27 08:21:00
Lille Pablo_spotify,Lille Pablo,Spotify,1952,18,"norwegian hip hop, norwegian pop",https://i.scdn.co/image/ab6761610000e5ebc828877f28eb07811b519023,https://open.spotify.com/artist/6Y4IHXCDwWvuNBmdqTIUTz,2026-01-27 08:21:00
AfroBeats_spotify,AfroBeats,Spotify,2449,19,Non spécifié,https://i.scdn.co/image/ab67616d0000b273637bbc242bd2b40a3e95331a,https://open.spotify.com/artist/1TtIkputhybiL64ttVwE1H,2026-01-27 08:21:01
AqME_spotify,AqME,Spotify,23857,27,"nu metal, alternative metal",https://i.scdn.co/image/ab6761610000e5eb5c3e2d93ad8afd71fb8cd9ad,https://open.spotify.com/artist/37P7yznrsIGSfuGOzmmt26,2026-01-27 08:21:01
Afro S_spotify,Afro S,Spotify,14792,28,french rap,https://i.scdn.co/image/ab6761610000e5eb6fe4053381bb2a3eab07b793,https://open.spotify.com/artist/0rBAjYzMBBP3u4LZLc1qwF,2026-01-27 08:21:02
Gabi_spotify,Gabi,Spotify,4960,24,german hip hop,https://i.scdn.co/image/ab6761610000e5eb41c19091aae7f61f29fe5ce1,https://open.spotify.com/artist/4gkLBjl1hnfw2pmSZ1JNZl,2026-01-27 08:21:02
SPORE_spotify,SPORE,Spotify,5081,23,Non spécifié,https://i.scdn.co/image/ab6761610000e5ebe631feede4874b801275b90f,https://open.spotify.com/artist/66xA2uEVOChiDTKdZd6hgV,2026-01-27 08:21:02
Oordaya_spotify,Oordaya,Spotify,4528,23,french r&b,https://i.scdn.co/image/ab6761610000e5eb2f80b4dd28cf547078b3c0a6,https://open.spotify.com/artist/7JWxRPYnCGaZPh1L44NWtY,2026-01-27 08:21:03
Nawel Ben Kraiem_spotify,Nawel Ben Kraiem,Spotify,4591,23,Non spécifié,https://i.scdn.co/image/ab6761610000e5eb78de3b3648ebea029e5b41ce,https://open.spotify.com/artist/2FnT84XG3yKLIHEjheon9W,2026-01-27 08:21:03
Vibe_spotify,Vibe,Spotify,4120,22,"french r&b, french rap",https://i.scdn.co/image/ab67616d0000b27323cf132911aeb579c302ad76,https://open.spotify.com/artist/0ZrPyHGPWRiOphFxml3rFO,2026-01-27 08:21:04
Demusmaker_spotify,Demusmaker,Spotify,1243,12,Non spécifié,https://i.scdn.co/image/ab6761610000e5ebe890f063fc9111a9b58a64cc,https://open.spotify.com/artist/04YHyUbd7Ic47Zi2LtPzuv,2026-01-27 08:21:04
David Castello-Lopes_spotify,David Castello-Lopes,Spotify,15961,27,Non spécifié,https://i.scdn.co/image/ab6761610000e5eb85cdbf7cd34b05b8b7de960b,https://open.spotify.com/artist/5wQ1ffwDHKe06PEKCIgLNG,2026-01-27 08:21:04
Cabadzi_spotify,Cabadzi,Spotify,13166,26,Non spécifié,https://i.scdn.co/image/ab6761610000e5eb4714441cb57de41455dfc60a,https://open.spotify.com/artist/6SOfR3vMDf9otrCMyzrdDn,2026-01-27 08:21:05
Grizzly 942_spotify,Grizzly 942,Spotify,1136,11,french rap,https://i.scdn.co/image/ab6761610000e5ebd34c4d021f7756388b611f43,https://open.spotify.com/artist/4KLjcYXXF6lORi2XOXAmz2,2026-01-27 08:21:05
Paris Price_spotify,Paris Price,Spotify,3500,19,Non spécifié,https://i.scdn.co/image/ab6761610000e5eb8fda2ff3e9e54db0e4068a94,https://open.spotify.com/artist/6rt9RysQUXJjzYXaIXdXu7,2026-01-27 08:21:06
KLN 93_spotify,KLN 93,Spotify,31711,22,french rap,https://i.scdn.co/image/ab6761610000e5eb53de3f0b34f808bcd3c44a69,https://open.spotify.com/artist/7wMBwaUmhrkuaq7vGWY8bt,2026-01-27 08:21:06
94brizzy_spotify,94brizzy,Spotify,9770,25,trap metal,https://i.scdn.co/image/ab67616d0000b2735997e5c992ecf0dcb5d8cb9d,https://open.spotify.com/artist/4NOg3L0IrFUnGe6dhO1D2i,2026-01-27 08:21:06
Lillebittebock_spotify,Lillebittebock,Spotify,1343,12,dansk rap,https://i.scdn.co/image/ab6761610000e5eb2b0939f0ac957c63b8045584,https://open.spotify.com/artist/1Bkcm42So5nKYkY5DEHbO2,2026-01-27 08:21:07
Walk in Paris_spotify,Walk in Paris,Spotify,5234,23,"french r&b, french rap",https://i.scdn.co/image/ab6761610000e5ebd8a759732264fadadfb66b91,https://open.spotify.com/artist/7iogfxoFBRb7fwoxDIFJoG,2026-01-27 08:21:07
La Phaze_spotify,La Phaze,Spotify,18396,25,jungle,https://i.scdn.co/image/ab6761610000e5eb877a8e2464ec26ea4cd7c254,https://open.spotify.com/artist/1J65MRryoT7CWCesOe3nBb,2026-01-27 08:21:08
Johnny Montreuil_spotify,Johnny Montreuil,Spotify,3504,18,Non spécifié,https://i.scdn.co/image/ab6761610000e5eb9fb34fe96a2d5a9ecabfda0b,https://open.spotify.com/artist/6SlO9eMZZGEKIoYb6vlBkC,2026-01-27 08:21:08
Trigones Plus_spotify,Trigones Plus,Spotify,1426,12,Non spécifié,https://i.scdn.co/image/ab6761610000e5eb2b4172f7031b8b23c1d5d015,https://open.spotify.com/artist/7Ix71RYt7HB9EHCJGjlk8J,2026-01-27 08:21:08
Laskiiz_spotify,Laskiiz,Spotify,7362,23,french rap,https://i.scdn.co/image/ab67616d0000b27352a884ca446d1f039c03b349,https://open.spotify.com/artist/43iw2eN2eQhF9GaouZCn1Q,2026-01-27 08:21:09
Gus_spotify,Gus,Spotify,7361,23,french rap,https://i.scdn.co/image/ab6761610000e5eb78106603ac32ea795da938fa,https://open.spotify.com/artist/6kL9VJ0wAshNzlVZmSJZJN,2026-01-27 08:21:09
Esteban_spotify,Esteban,Spotify,11196,24,french rap,https://i.scdn.co/image/ab6761610000e5ebebc9e84fb8916c2ac9583640,https://open.spotify.com/artist/3nul4CdUXaaA3QSHrduvtu,2026-01-27 08:21:10
Bagdad Rodeo_spotify,Bagdad Rodeo,Spotify,3661,20,Non spécifié,https://i.scdn.co/image/ab6761610000e5eb743bf6c1987b718299c98915,https://open.spotify.com/artist/0neByJeiLyO8TRikP9vXPV,2026-01-27 08:21:10
93PUNX_spotify,93PUNX,Spotify,7876,23,Non spécifié,https://i.scdn.co/image/ab6761610000e5ebc4def8e3bd6212d9f874160e,https://open.spotify.com/artist/0qfeDvoajHGoVkmIW7fgra,2026-01-27 08:21:10
Paris Saint Germain FanChants_spotify,Paris Saint Germain FanChants,Spotify,1457,14,Non spécifié,https://i.scdn.co/image/ab67616d0000b27301205e8aa45595b532d2e891,https://open.spotify.com/artist/71EGGFm5wS2EwANKiWpKRE,2026-01-27 08:21:11
Bombes 2 Bal_spotify,Bombes 2 Bal,Spotify,4320,20,chanson,https://i.scdn.co/image/ab67616d0000b27351e6a96bdb1928907f67004d,https://open.spotify.com/artist/41L28S3l8z3EZMledHcxHV,2026-01-27 08:21:11
Souli_spotify,Souli,Spotify,1477,12,"french rap, pop urbaine",https://i.scdn.co/image/ab6761610000e5eb76e56e0e51a9a3426e49d6f3,https://open.spotify.com/artist/6j2mAzLfu9ZMjd4rwCRjjn,2026-01-27 08:21:12
The S_spotify,The S,Spotify,9844,24,"french rap, moroccan rap",https://i.scdn.co/image/ab6761610000e5eb2f0cc467b9009ca2a550d827,https://open.spotify.com/artist/2ublgvX7DlTU8ShDDslYVC,2026-01-27 08:21:12
rz92i_spotify,rz92i,Spotify,1509,13,french rap,https://i.scdn.co/image/ab6761610000e5ebceabfd95e8bfba4f20febf8f,https://open.spotify.com/artist/77pl5wtTOGwF5FPUYUDEDz,2026-01-27 08:21:12
Lyan Paris_spotify,Lyan Paris,Spotify,7123,22,Non spécifié,https://i.scdn.co/image/ab6761610000e5ebb54cdab8e6d2a5c116b91a53,https://open.spotify.com/artist/3KmJs3ery3PJQuQQ5FOllC,2026-01-27 08:21:13
Carmen Maria Vega_spotify,Carmen Maria Vega,Spotify,13311,23,"chanson, french house",https://i.scdn.co/image/ab6761610000e5ebc3aeaa5dfe62deaba2ffe840,https://open.spotify.com/artist/4BeUJGT638jeAuAvtm51oE,2026-01-27 08:21:13
Annie Lalalove_spotify,Annie Lalalove,Spotify,6044,24,Non spécifié,https://i.scdn.co/image/ab6761610000e5eb7f435fe6ecf2e5c63b9ff59e,https://open.spotify.com/artist/0rXEHQAzDXBvblE2EZRBjL,2026-01-27 08:21:14
Mikeysem_spotify,Mikeysem,Spotify,2308,15,french rap,https://i.scdn.co/image/ab6761610000e5ebdaa9498f97ce8418ab5cddeb,https://open.spotify.com/artist/5Yz9TYi94Uup3otqHYUF5T,2026-01-27 08:21:14
Schlaasss_spotify,Schlaasss,Spotify,4799,19,electroclash,https://i.scdn.co/image/ab6761610000e5ebbdb9b8e8e8623fed9c58ac2b,https://open.spotify.com/artist/7znBntfGatVV9Elt7uP8Bu,2026-01-27 08:21:15
Jessica Marquez_spotify,Jessica Marquez,Spotify,3650,17,variété française,https://i.scdn.co/image/ab67616d0000b2735e7f9031aeaa60d86054538e,https://open.spotify.com/artist/3LTvQLZWuf9n2fOOq5dpG0,2026-01-27 08:21:15
Felipe_spotify,Felipe,Spotify,1658,11,Non spécifié,https://i.scdn.co/image/ab6761610000e5ebeda61bd760550fde50d40c57,https://open.spotify.com/artist/1jEvmmt62aPniaH6j7py8S,2026-01-27 08:21:15
Une touche d'optimisme_spotify,Une touche d'optimisme,Spotify,4700,17,chanson,https://i.scdn.co/image/ab6761610000e5eb8595f4f3c83b6f0d020330a3,https://open.spotify.com/artist/4sG5GeG7qK060XBll1R5ap,2026-01-27 08:21:16
Aymen Parisien_spotify,Aymen Parisien,Spotify,5570,16,raï,https://i.scdn.co/image/ab67616d0000b2731788d57a0470f1f7a50287f5,https://open.spotify.com/artist/0xOdtdbQkHKot7ODRxumLR,2026-01-27 08:21:16
OPINEL 21_spotify,OPINEL 21,Spotify,7171,17,"french rap, drill",https://i.scdn.co/image/ab6761610000e5eb10b2bd92061679efe7b77aae,https://open.spotify.com/artist/5x6fEO7JyQd948Wvonm9xt,2026-01-27 08:21:17
Power Struggle_spotify,Power Struggle,Spotify,3271,13,pinoy hip hop,https://i.scdn.co/image/ab67616d0000b2739814b357576fa6cb7d440502,https://open.spotify.com/artist/0LU6Sg6kRXbyjhzrw4xzxe,2026-01-27 08:21:17
Pass Pass_spotify,Pass Pass,Spotify,2552,12,"g-funk, east coast hip hop",https://i.scdn.co/image/ab67616d0000b27398e32c0954348c6cc045b58a,https://open.spotify.com/artist/7mTxA28IfHWWIuo2QKczgA,2026-01-27 08:21:18
Secri IXV_spotify,Secri IXV,Spotify,9101,14,french rap,https://i.scdn.co/image/ab6761610000e5eba59975cc9ef279b0622d1ea3,https://open.spotify.com/artist/0ddCzcAD0Echtycm6WsVcE,2026-01-27 08:21:18
Davo 92_spotify,Davo 92,Spotify,3035,10,Non spécifié,https://i.scdn.co/image/ab6761610000e5eb7791e2d47a03b2fafa3c5794,https://open.spotify.com/artist/1aC2EaDuaqmdG8HGLbjMf2,2026-01-27 08:21:18
Moderne_spotify,Moderne,Spotify,6472,11,"cold wave, synthpop, post-punk",https://i.scdn.co/image/ab67616d0000b273ce8e9d89c966eebcc9cf7144,https://open.spotify.com/artist/403x0fTWTfDHsV9PYkGFTe,2026-01-27 08:21:19
92FLOWERS_spotify,92FLOWERS,Spotify,4317,8,Non spécifié,https://i.scdn.co/image/ab6761610000e5ebca74b4ec5770e7ddbe6b49d7,https://open.spotify.com/artist/7Bwfit5Kgbtxwu5dnf2cVF,2026-01-27 08:21:19
